{"v":"4.8.0","meta":{"g":"LottieFiles AE ","a":"","k":"","d":"","tc":""},"fr":25,"ip":0,"op":125,"w":500,"h":500,"nm":"cocktails","ddd":0,"assets":[],"layers":[{"ddd":0,"ind":1,"ty":4,"nm":"PAILLE Silhouettes","sr":1,"ks":{"o":{"a":0,"k":100,"ix":11},"r":{"a":1,"k":[{"i":{"x":[0.667],"y":[1]},"o":{"x":[1],"y":[0]},"t":0,"s":[20]},{"i":{"x":[0.833],"y":[1]},"o":{"x":[0.167],"y":[0]},"t":15,"s":[0]},{"i":{"x":[0.833],"y":[1]},"o":{"x":[0.167],"y":[0]},"t":42,"s":[-9]},{"i":{"x":[0.833],"y":[1]},"o":{"x":[0.167],"y":[0]},"t":49,"s":[-5]},{"i":{"x":[0.833],"y":[1]},"o":{"x":[0.167],"y":[0]},"t":57,"s":[0]},{"i":{"x":[0.833],"y":[1]},"o":{"x":[0.167],"y":[0]},"t":72,"s":[-7]},{"t":91,"s":[0]}],"ix":10},"p":{"a":1,"k":[{"i":{"x":0,"y":1},"o":{"x":1,"y":0},"t":0,"s":[165.334,-19.224,0],"to":[5.667,51,0],"ti":[-5.667,-51,0]},{"i":{"x":0,"y":0},"o":{"x":0.333,"y":0.333},"t":15,"s":[199.334,286.776,0],"to":[0,0,0],"ti":[0,0,0]},{"i":{"x":0,"y":1},"o":{"x":0.333,"y":0},"t":27,"s":[199.334,286.776,0],"to":[16.667,-3.333,0],"ti":[0,0,0]},{"i":{"x":0,"y":1},"o":{"x":0.333,"y":0},"t":42,"s":[299.334,266.776,0],"to":[-16.834,-26.776,0],"ti":[0,0,0]},{"i":{"x":0,"y":1},"o":{"x":0.167,"y":0},"t":57,"s":[199.334,286.776,0],"to":[0,0,0],"ti":[0,0,0]},{"i":{"x":0,"y":1},"o":{"x":0.333,"y":0},"t":72,"s":[299.334,266.776,0],"to":[-16.834,-26.776,0],"ti":[16.667,-3.333,0]},{"i":{"x":0,"y":0},"o":{"x":0.167,"y":0.167},"t":81,"s":[199.334,286.776,0],"to":[0,0,0],"ti":[0,0,0]},{"i":{"x":0.667,"y":1},"o":{"x":0.167,"y":0},"t":91,"s":[199.334,286.776,0],"to":[-5.667,-51,0],"ti":[5.667,51,0]},{"t":111,"s":[165.334,-19.224,0]}],"ix":2},"a":{"a":0,"k":[50.887,239.039,0],"ix":1},"s":{"a":0,"k":[100,100,100],"ix":6}},"ao":0,"shapes":[{"ty":"gr","it":[{"ind":0,"ty":"sh","ix":1,"ks":{"a":0,"k":{"i":[[0,0]],"o":[[0,0]],"v":[[-297.447,144.262]],"c":false},"ix":2},"nm":"Tracé 1","mn":"ADBE Vector Shape - Group","hd":false},{"ty":"st","c":{"a":0,"k":[0.007843137255,0.250980392157,0.403921598547,1],"ix":3},"o":{"a":0,"k":100,"ix":4},"w":{"a":0,"k":5.705,"ix":5},"lc":1,"lj":1,"ml":4,"bm":0,"nm":"Contour 1","mn":"ADBE Vector Graphic - Stroke","hd":false},{"ty":"fl","c":{"a":0,"k":[1,0.941176530427,0.882353001015,1],"ix":4},"o":{"a":0,"k":100,"ix":5},"r":1,"bm":0,"nm":"Fond 1","mn":"ADBE Vector Graphic - Fill","hd":false},{"ty":"tr","p":{"a":0,"k":[0,0],"ix":2},"a":{"a":0,"k":[0,0],"ix":1},"s":{"a":0,"k":[100,100],"ix":3},"r":{"a":0,"k":0,"ix":6},"o":{"a":0,"k":100,"ix":7},"sk":{"a":0,"k":0,"ix":4},"sa":{"a":0,"k":0,"ix":5},"nm":"Transformer "}],"nm":"Forme 1","np":3,"cix":2,"bm":0,"ix":1,"mn":"ADBE Vector Group","hd":false},{"ty":"gr","it":[{"ind":0,"ty":"sh","ix":1,"ks":{"a":0,"k":{"i":[[0,0],[0,0]],"o":[[0,0],[0,0]],"v":[[-4.494,5.49],[4.494,-5.49]],"c":false},"ix":2},"nm":"Tracé 1","mn":"ADBE Vector Shape - Group","hd":false},{"ty":"st","c":{"a":0,"k":[0.007843137255,0.250980392157,0.403921598547,1],"ix":3},"o":{"a":0,"k":100,"ix":4},"w":{"a":0,"k":5.705,"ix":5},"lc":2,"lj":2,"bm":0,"nm":"Contour 1","mn":"ADBE Vector Graphic - Stroke","hd":false},{"ty":"tr","p":{"a":0,"k":[26.899,65.387],"ix":2},"a":{"a":0,"k":[0,0],"ix":1},"s":{"a":0,"k":[100,100],"ix":3},"r":{"a":0,"k":0,"ix":6},"o":{"a":0,"k":100,"ix":7},"sk":{"a":0,"k":0,"ix":4},"sa":{"a":0,"k":0,"ix":5},"nm":"Transformer "}],"nm":"Groupe 1","np":2,"cix":2,"bm":0,"ix":2,"mn":"ADBE Vector Group","hd":false},{"ty":"gr","it":[{"ind":0,"ty":"sh","ix":1,"ks":{"a":0,"k":{"i":[[0,0],[0,0]],"o":[[0,0],[0,0]],"v":[[-4.494,5.49],[4.494,-5.49]],"c":false},"ix":2},"nm":"Tracé 1","mn":"ADBE Vector Shape - Group","hd":false},{"ty":"st","c":{"a":0,"k":[0.007843137255,0.250980392157,0.403921598547,1],"ix":3},"o":{"a":0,"k":100,"ix":4},"w":{"a":0,"k":5.705,"ix":5},"lc":2,"lj":2,"bm":0,"nm":"Contour 1","mn":"ADBE Vector Graphic - Stroke","hd":false},{"ty":"tr","p":{"a":0,"k":[22.447,34.76],"ix":2},"a":{"a":0,"k":[0,0],"ix":1},"s":{"a":0,"k":[100,100],"ix":3},"r":{"a":0,"k":0,"ix":6},"o":{"a":0,"k":100,"ix":7},"sk":{"a":0,"k":0,"ix":4},"sa":{"a":0,"k":0,"ix":5},"nm":"Transformer "}],"nm":"Groupe 2","np":2,"cix":2,"bm":0,"ix":3,"mn":"ADBE Vector Group","hd":false},{"ty":"gr","it":[{"ind":0,"ty":"sh","ix":1,"ks":{"a":0,"k":{"i":[[0,0],[0,0]],"o":[[0,0],[0,0]],"v":[[-4.494,5.49],[4.494,-5.49]],"c":false},"ix":2},"nm":"Tracé 1","mn":"ADBE Vector Shape - Group","hd":false},{"ty":"st","c":{"a":0,"k":[0.007843137255,0.250980392157,0.403921598547,1],"ix":3},"o":{"a":0,"k":100,"ix":4},"w":{"a":0,"k":5.705,"ix":5},"lc":2,"lj":2,"bm":0,"nm":"Contour 1","mn":"ADBE Vector Graphic - Stroke","hd":false},{"ty":"tr","p":{"a":0,"k":[47.081,218.886],"ix":2},"a":{"a":0,"k":[0,0],"ix":1},"s":{"a":0,"k":[100,100],"ix":3},"r":{"a":0,"k":0,"ix":6},"o":{"a":0,"k":100,"ix":7},"sk":{"a":0,"k":0,"ix":4},"sa":{"a":0,"k":0,"ix":5},"nm":"Transformer "}],"nm":"Groupe 3","np":2,"cix":2,"bm":0,"ix":4,"mn":"ADBE Vector Group","hd":false},{"ty":"gr","it":[{"ind":0,"ty":"sh","ix":1,"ks":{"a":0,"k":{"i":[[0,0],[0,0]],"o":[[0,0],[0,0]],"v":[[-4.494,5.49],[4.494,-5.49]],"c":false},"ix":2},"nm":"Tracé 1","mn":"ADBE Vector Shape - Group","hd":false},{"ty":"st","c":{"a":0,"k":[0.007843137255,0.250980392157,0.403921598547,1],"ix":3},"o":{"a":0,"k":100,"ix":4},"w":{"a":0,"k":5.705,"ix":5},"lc":2,"lj":2,"bm":0,"nm":"Contour 1","mn":"ADBE Vector Graphic - Stroke","hd":false},{"ty":"tr","p":{"a":0,"k":[42.589,187.338],"ix":2},"a":{"a":0,"k":[0,0],"ix":1},"s":{"a":0,"k":[100,100],"ix":3},"r":{"a":0,"k":0,"ix":6},"o":{"a":0,"k":100,"ix":7},"sk":{"a":0,"k":0,"ix":4},"sa":{"a":0,"k":0,"ix":5},"nm":"Transformer "}],"nm":"Groupe 4","np":2,"cix":2,"bm":0,"ix":5,"mn":"ADBE Vector Group","hd":false},{"ty":"gr","it":[{"ind":0,"ty":"sh","ix":1,"ks":{"a":0,"k":{"i":[[0,0],[0,0]],"o":[[0,0],[0,0]],"v":[[-4.494,5.49],[4.494,-5.49]],"c":false},"ix":2},"nm":"Tracé 1","mn":"ADBE Vector Shape - Group","hd":false},{"ty":"st","c":{"a":0,"k":[0.007843137255,0.250980392157,0.403921598547,1],"ix":3},"o":{"a":0,"k":100,"ix":4},"w":{"a":0,"k":5.705,"ix":5},"lc":2,"lj":2,"bm":0,"nm":"Contour 1","mn":"ADBE Vector Graphic - Stroke","hd":false},{"ty":"tr","p":{"a":0,"k":[38.815,157.365],"ix":2},"a":{"a":0,"k":[0,0],"ix":1},"s":{"a":0,"k":[100,100],"ix":3},"r":{"a":0,"k":0,"ix":6},"o":{"a":0,"k":100,"ix":7},"sk":{"a":0,"k":0,"ix":4},"sa":{"a":0,"k":0,"ix":5},"nm":"Transformer "}],"nm":"Groupe 5","np":2,"cix":2,"bm":0,"ix":6,"mn":"ADBE Vector Group","hd":false},{"ty":"gr","it":[{"ind":0,"ty":"sh","ix":1,"ks":{"a":0,"k":{"i":[[0,0],[0,0]],"o":[[0,0],[0,0]],"v":[[-4.493,5.49],[4.493,-5.49]],"c":false},"ix":2},"nm":"Tracé 1","mn":"ADBE Vector Shape - Group","hd":false},{"ty":"st","c":{"a":0,"k":[0.007843137255,0.250980392157,0.403921598547,1],"ix":3},"o":{"a":0,"k":100,"ix":4},"w":{"a":0,"k":5.705,"ix":5},"lc":2,"lj":2,"bm":0,"nm":"Contour 1","mn":"ADBE Vector Graphic - Stroke","hd":false},{"ty":"tr","p":{"a":0,"k":[35.076,126.702],"ix":2},"a":{"a":0,"k":[0,0],"ix":1},"s":{"a":0,"k":[100,100],"ix":3},"r":{"a":0,"k":0,"ix":6},"o":{"a":0,"k":100,"ix":7},"sk":{"a":0,"k":0,"ix":4},"sa":{"a":0,"k":0,"ix":5},"nm":"Transformer "}],"nm":"Groupe 6","np":2,"cix":2,"bm":0,"ix":7,"mn":"ADBE Vector Group","hd":false},{"ty":"gr","it":[{"ind":0,"ty":"sh","ix":1,"ks":{"a":0,"k":{"i":[[0,0],[0,0]],"o":[[0,0],[0,0]],"v":[[-4.493,5.49],[4.493,-5.49]],"c":false},"ix":2},"nm":"Tracé 1","mn":"ADBE Vector Shape - Group","hd":false},{"ty":"st","c":{"a":0,"k":[0.007843137255,0.250980392157,0.403921598547,1],"ix":3},"o":{"a":0,"k":100,"ix":4},"w":{"a":0,"k":5.705,"ix":5},"lc":2,"lj":2,"bm":0,"nm":"Contour 1","mn":"ADBE Vector Graphic - Stroke","hd":false},{"ty":"tr","p":{"a":0,"k":[30.326,96.033],"ix":2},"a":{"a":0,"k":[0,0],"ix":1},"s":{"a":0,"k":[100,100],"ix":3},"r":{"a":0,"k":0,"ix":6},"o":{"a":0,"k":100,"ix":7},"sk":{"a":0,"k":0,"ix":4},"sa":{"a":0,"k":0,"ix":5},"nm":"Transformer "}],"nm":"Groupe 7","np":2,"cix":2,"bm":0,"ix":8,"mn":"ADBE Vector Group","hd":false},{"ty":"gr","it":[{"ind":0,"ty":"sh","ix":1,"ks":{"a":0,"k":{"i":[[0,0],[3.115,0.924],[0,0],[0,0],[0,0],[0,0],[0,0],[0,0],[0,0],[0,0],[0,0],[0,0]],"o":[[-4.724,-0.753],[0,0],[0,0],[0,0],[0,0],[0,0],[0,0],[0,0],[0,0],[0,0],[0,0],[0,0]],"v":[[11.006,40.404],[-0.85,37.872],[-1.489,33.09],[-2.083,28.721],[-4.137,13.385],[-7.206,-9.493],[-11.006,-38.887],[0.292,-40.404],[4.182,-10.406],[7.023,10.783],[9.089,26.096],[10.025,33.09]],"c":true},"ix":2},"nm":"Tracé 1","mn":"ADBE Vector Shape - Group","hd":false},{"ty":"st","c":{"a":0,"k":[0.007843137255,0.250980392157,0.403921598547,1],"ix":3},"o":{"a":0,"k":100,"ix":4},"w":{"a":0,"k":5.705,"ix":5},"lc":2,"lj":2,"bm":0,"nm":"Contour 1","mn":"ADBE Vector Graphic - Stroke","hd":false},{"ty":"fl","c":{"a":0,"k":[1,0.941176530427,0.882353001015,1],"ix":4},"o":{"a":0,"k":100,"ix":5},"r":1,"bm":0,"nm":"Fond 1","mn":"ADBE Vector Graphic - Fill","hd":false},{"ty":"tr","p":{"a":0,"k":[25.268,54.667],"ix":2},"a":{"a":0,"k":[0,0],"ix":1},"s":{"a":0,"k":[100,100],"ix":3},"r":{"a":0,"k":0,"ix":6},"o":{"a":0,"k":100,"ix":7},"sk":{"a":0,"k":0,"ix":4},"sa":{"a":0,"k":0,"ix":5},"nm":"Transformer "}],"nm":"Groupe 8","np":3,"cix":2,"bm":0,"ix":9,"mn":"ADBE Vector Group","hd":false},{"ty":"gr","it":[{"ind":0,"ty":"sh","ix":1,"ks":{"a":0,"k":{"i":[[0,0],[0,0],[0,0],[-4.723,-0.753]],"o":[[0,0],[0,0],[3.115,0.924],[0,0]],"v":[[15.547,72.12],[4.227,73.638],[-15.547,-73.638],[-3.692,-71.105]],"c":true},"ix":2},"nm":"Tracé 1","mn":"ADBE Vector Shape - Group","hd":false},{"ty":"st","c":{"a":0,"k":[0.007843137255,0.250980392157,0.403921598547,1],"ix":3},"o":{"a":0,"k":100,"ix":4},"w":{"a":0,"k":5.705,"ix":5},"lc":2,"lj":2,"bm":0,"nm":"Contour 1","mn":"ADBE Vector Graphic - Stroke","hd":false},{"ty":"fl","c":{"a":0,"k":[1,0.941176530427,0.882353001015,1],"ix":4},"o":{"a":0,"k":100,"ix":5},"r":1,"bm":0,"nm":"Fond 1","mn":"ADBE Vector Graphic - Fill","hd":false},{"ty":"tr","p":{"a":0,"k":[39.965,166.177],"ix":2},"a":{"a":0,"k":[0,0],"ix":1},"s":{"a":0,"k":[100,100],"ix":3},"r":{"a":0,"k":0,"ix":6},"o":{"a":0,"k":100,"ix":7},"sk":{"a":0,"k":0,"ix":4},"sa":{"a":0,"k":0,"ix":5},"nm":"Transformer "}],"nm":"Groupe 9","np":3,"cix":2,"bm":0,"ix":10,"mn":"ADBE Vector Group","hd":false}],"ip":0,"op":129,"st":0,"bm":0},{"ddd":0,"ind":2,"ty":4,"nm":"Etoile Silhouettes","sr":1,"ks":{"o":{"a":0,"k":100,"ix":11},"r":{"a":0,"k":0,"ix":10},"p":{"a":0,"k":[321.367,130.612,0],"ix":2},"a":{"a":0,"k":[56.741,54.662,0],"ix":1},"s":{"a":0,"k":[100,100,100],"ix":6}},"ao":0,"shapes":[{"ty":"gr","it":[{"ind":0,"ty":"sh","ix":1,"ks":{"a":0,"k":{"i":[[0,0],[0,0],[0,0],[-0.409,0.062],[0,0],[-0.073,0.146],[0,0],[-0.186,-0.37],[0,0],[-0.161,-0.025],[0,0],[0.294,-0.29],[0,0],[-0.027,-0.161],[0,0],[0.368,0.19],[0,0],[0,0]],"o":[[0,0],[0,0],[-0.294,-0.291],[0,0],[0.162,-0.025],[0,0],[0.186,-0.369],[0,0],[0.073,0.146],[0,0],[0.408,0.062],[0,0],[-0.117,0.115],[0,0],[0.068,0.408],[0,0],[0,0],[0,0]],"v":[[-13.12,3.745],[-16.244,0.678],[-21.362,-4.384],[-21.084,-5.238],[-7.146,-7.355],[-6.771,-7.627],[-0.444,-20.225],[0.455,-20.224],[6.771,-7.627],[7.145,-7.355],[21.084,-5.238],[21.361,-4.384],[11.328,5.521],[11.186,5.961],[13.479,19.876],[12.751,20.404],[0.003,13.802],[-1.978,14.823]],"c":false},"ix":2},"nm":"Tracé 1","mn":"ADBE Vector Shape - Group","hd":false},{"ty":"st","c":{"a":0,"k":[0.007843137255,0.250980392157,0.403921598547,1],"ix":3},"o":{"a":0,"k":100,"ix":4},"w":{"a":0,"k":4.846,"ix":5},"lc":2,"lj":2,"bm":0,"nm":"Contour 1","mn":"ADBE Vector Graphic - Stroke","hd":false},{"ty":"tr","p":{"a":0,"k":[56.743,56.567],"ix":2},"a":{"a":0,"k":[0,0],"ix":1},"s":{"a":0,"k":[100,100],"ix":3},"r":{"a":0,"k":0,"ix":6},"o":{"a":0,"k":100,"ix":7},"sk":{"a":0,"k":0,"ix":4},"sa":{"a":0,"k":0,"ix":5},"nm":"Transformer "}],"nm":"Groupe 1","np":2,"cix":2,"bm":0,"ix":1,"mn":"ADBE Vector Group","hd":false},{"ty":"gr","it":[{"ind":0,"ty":"sh","ix":1,"ks":{"a":0,"k":{"i":[[-0.086,-0.526],[0,0],[1.2,0.621],[0,0],[0.081,0.153],[2.155,3.26],[1.05,1.404],[1.312,1.529],[0.913,0.97],[0.252,0.251],[0,0],[0,0],[0.331,0.308],[0,0],[0,0],[0.605,-0.502],[0.092,-0.069],[0.091,-0.069],[1.141,-0.456],[0.776,-0.239],[0.012,-0.012],[0.673,-0.182],[0.125,-0.034],[0.394,-0.105],[0.301,0.08],[0,0],[0,0],[-1.335,0.203],[0,0],[-0.239,0.476],[0,0],[-0.606,-1.208],[0,0],[-0.527,-0.08],[0,0],[0.961,-0.949],[0,0]],"o":[[0,0],[0.219,1.333],[0,0],[-0.155,-0.08],[-1.882,-3.611],[-0.993,-1.495],[-1.244,-1.677],[-0.89,-1.038],[-0.24,-0.251],[0,0],[0,0],[-0.331,-0.319],[0,0],[0,0],[-0.102,0.536],[-0.08,0.069],[-0.091,0.067],[-0.73,0.49],[-0.65,0.251],[-0.023,0.011],[-0.604,0.194],[-0.137,0.045],[-0.371,0.104],[-0.301,-0.08],[0,0],[0,0],[-0.96,-0.95],[0,0],[0.527,-0.08],[0,0],[0.607,-1.207],[0,0],[0.239,0.476],[0,0],[1.336,0.204],[0,0],[-0.379,0.374]],"v":[[22.281,12.02],[26.564,38.054],[24.189,39.779],[6.862,30.816],[6.501,30.457],[0.429,20.128],[-2.629,15.78],[-6.463,10.965],[-9.179,7.964],[-9.921,7.211],[-9.943,7.188],[-11.312,5.83],[-12.317,4.883],[-12.317,4.894],[-12.351,5.203],[-13.412,6.754],[-13.675,6.972],[-13.96,7.177],[-16.767,8.603],[-18.889,9.356],[-18.935,9.379],[-20.829,9.938],[-21.217,10.052],[-22.365,10.354],[-23.21,10.129],[-36.633,-3.127],[-41.519,-7.959],[-40.611,-10.75],[-14.526,-14.718],[-13.305,-15.605],[-1.462,-39.193],[1.474,-39.192],[13.307,-15.605],[14.528,-14.718],[40.61,-10.751],[41.518,-7.959],[22.747,10.585]],"c":true},"ix":2},"nm":"Tracé 1","mn":"ADBE Vector Shape - Group","hd":false},{"ty":"st","c":{"a":0,"k":[0.007843137255,0.250980392157,0.403921598547,1],"ix":3},"o":{"a":0,"k":100,"ix":4},"w":{"a":0,"k":5.705,"ix":5},"lc":2,"lj":2,"bm":0,"nm":"Contour 1","mn":"ADBE Vector Graphic - Stroke","hd":false},{"ty":"fl","c":{"a":0,"k":[1,0.941176530427,0.882353001015,1],"ix":4},"o":{"a":0,"k":100,"ix":5},"r":1,"bm":0,"nm":"Fond 1","mn":"ADBE Vector Graphic - Fill","hd":false},{"ty":"tr","p":{"a":0,"k":[56.741,54.662],"ix":2},"a":{"a":0,"k":[0,0],"ix":1},"s":{"a":0,"k":[100,100],"ix":3},"r":{"a":0,"k":0,"ix":6},"o":{"a":0,"k":100,"ix":7},"sk":{"a":0,"k":0,"ix":4},"sa":{"a":0,"k":0,"ix":5},"nm":"Transformer "}],"nm":"Groupe 2","np":3,"cix":2,"bm":0,"ix":2,"mn":"ADBE Vector Group","hd":false},{"ty":"gr","it":[{"ind":0,"ty":"sh","ix":1,"ks":{"a":0,"k":{"i":[[0,0],[0.468,0.445]],"o":[[-0.445,-0.456],[0,0]],"v":[[0.685,0.679],[-0.685,-0.679]],"c":false},"ix":2},"nm":"Tracé 1","mn":"ADBE Vector Shape - Group","hd":false},{"ty":"st","c":{"a":0,"k":[0.007843137255,0.250980392157,0.403921598547,1],"ix":3},"o":{"a":0,"k":100,"ix":4},"w":{"a":0,"k":5.705,"ix":5},"lc":2,"lj":2,"bm":0,"nm":"Contour 1","mn":"ADBE Vector Graphic - Stroke","hd":false},{"ty":"tr","p":{"a":0,"k":[46.114,61.171],"ix":2},"a":{"a":0,"k":[0,0],"ix":1},"s":{"a":0,"k":[100,100],"ix":3},"r":{"a":0,"k":0,"ix":6},"o":{"a":0,"k":100,"ix":7},"sk":{"a":0,"k":0,"ix":4},"sa":{"a":0,"k":0,"ix":5},"nm":"Transformer "}],"nm":"Groupe 3","np":2,"cix":2,"bm":0,"ix":3,"mn":"ADBE Vector Group","hd":false}],"ip":0,"op":129,"st":0,"bm":0},{"ddd":0,"ind":3,"ty":4,"nm":"feuille 2 Silhouettes","sr":1,"ks":{"o":{"a":0,"k":100,"ix":11},"r":{"a":1,"k":[{"i":{"x":[0.667],"y":[1]},"o":{"x":[0.333],"y":[0]},"t":15,"s":[0]},{"i":{"x":[0.667],"y":[1]},"o":{"x":[0.333],"y":[0]},"t":35,"s":[0]},{"i":{"x":[0.667],"y":[1]},"o":{"x":[0.333],"y":[0]},"t":55,"s":[10]},{"i":{"x":[0.667],"y":[1]},"o":{"x":[0.333],"y":[0]},"t":75,"s":[-13]},{"i":{"x":[0.667],"y":[1]},"o":{"x":[0.333],"y":[0]},"t":95,"s":[-29]},{"t":111,"s":[0]}],"ix":10},"p":{"a":0,"k":[320.533,136.928,0],"ix":2},"a":{"a":0,"k":[11.603,80.592,0],"ix":1},"s":{"a":0,"k":[100,100,100],"ix":6}},"ao":0,"shapes":[{"ty":"gr","it":[{"ind":0,"ty":"sh","ix":1,"ks":{"a":0,"k":{"i":[[0,0],[0,0]],"o":[[0,0],[0,0]],"v":[[-9.399,0.181],[9.399,-0.181]],"c":false},"ix":2},"nm":"Tracé 1","mn":"ADBE Vector Shape - Group","hd":false},{"ty":"st","c":{"a":0,"k":[0.007843137255,0.250980392157,0.403921598547,1],"ix":3},"o":{"a":0,"k":100,"ix":4},"w":{"a":0,"k":4.846,"ix":5},"lc":2,"lj":2,"bm":0,"nm":"Contour 1","mn":"ADBE Vector Graphic - Stroke","hd":false},{"ty":"fl","c":{"a":0,"k":[1,0.886274569642,0.85882358925,1],"ix":4},"o":{"a":0,"k":100,"ix":5},"r":1,"bm":0,"nm":"Fond 1","mn":"ADBE Vector Graphic - Fill","hd":false},{"ty":"tr","p":{"a":0,"k":[42.045,50.365],"ix":2},"a":{"a":0,"k":[0,0],"ix":1},"s":{"a":0,"k":[100,100],"ix":3},"r":{"a":0,"k":0,"ix":6},"o":{"a":0,"k":100,"ix":7},"sk":{"a":0,"k":0,"ix":4},"sa":{"a":0,"k":0,"ix":5},"nm":"Transformer "}],"nm":"Groupe 1","np":3,"cix":2,"bm":0,"ix":1,"mn":"ADBE Vector Group","hd":false},{"ty":"gr","it":[{"ind":0,"ty":"sh","ix":1,"ks":{"a":0,"k":{"i":[[0,0],[0,0]],"o":[[0,0],[0,0]],"v":[[-6.888,0.133],[6.888,-0.133]],"c":false},"ix":2},"nm":"Tracé 1","mn":"ADBE Vector Shape - Group","hd":false},{"ty":"st","c":{"a":0,"k":[0.007843137255,0.250980392157,0.403921598547,1],"ix":3},"o":{"a":0,"k":100,"ix":4},"w":{"a":0,"k":4.846,"ix":5},"lc":2,"lj":2,"bm":0,"nm":"Contour 1","mn":"ADBE Vector Graphic - Stroke","hd":false},{"ty":"fl","c":{"a":0,"k":[1,0.886274569642,0.85882358925,1],"ix":4},"o":{"a":0,"k":100,"ix":5},"r":1,"bm":0,"nm":"Fond 1","mn":"ADBE Vector Graphic - Fill","hd":false},{"ty":"tr","p":{"a":0,"k":[50.597,33.367],"ix":2},"a":{"a":0,"k":[0,0],"ix":1},"s":{"a":0,"k":[100,100],"ix":3},"r":{"a":0,"k":0,"ix":6},"o":{"a":0,"k":100,"ix":7},"sk":{"a":0,"k":0,"ix":4},"sa":{"a":0,"k":0,"ix":5},"nm":"Transformer "}],"nm":"Groupe 2","np":3,"cix":2,"bm":0,"ix":2,"mn":"ADBE Vector Group","hd":false},{"ty":"gr","it":[{"ind":0,"ty":"sh","ix":1,"ks":{"a":0,"k":{"i":[[0,0],[0,0]],"o":[[0,0],[0,0]],"v":[[3.411,9.05],[-3.411,-9.05]],"c":false},"ix":2},"nm":"Tracé 1","mn":"ADBE Vector Shape - Group","hd":false},{"ty":"st","c":{"a":0,"k":[0.007843137255,0.250980392157,0.403921598547,1],"ix":3},"o":{"a":0,"k":100,"ix":4},"w":{"a":0,"k":4.846,"ix":5},"lc":2,"lj":2,"bm":0,"nm":"Contour 1","mn":"ADBE Vector Graphic - Stroke","hd":false},{"ty":"fl","c":{"a":0,"k":[1,0.886274569642,0.85882358925,1],"ix":4},"o":{"a":0,"k":100,"ix":5},"r":1,"bm":0,"nm":"Fond 1","mn":"ADBE Vector Graphic - Fill","hd":false},{"ty":"tr","p":{"a":0,"k":[28.677,41.495],"ix":2},"a":{"a":0,"k":[0,0],"ix":1},"s":{"a":0,"k":[100,100],"ix":3},"r":{"a":0,"k":0,"ix":6},"o":{"a":0,"k":100,"ix":7},"sk":{"a":0,"k":0,"ix":4},"sa":{"a":0,"k":0,"ix":5},"nm":"Transformer "}],"nm":"Groupe 3","np":3,"cix":2,"bm":0,"ix":3,"mn":"ADBE Vector Group","hd":false},{"ty":"gr","it":[{"ind":0,"ty":"sh","ix":1,"ks":{"a":0,"k":{"i":[[0,0],[0,0]],"o":[[0,0],[0,0]],"v":[[2.43,6.447],[-2.43,-6.447]],"c":false},"ix":2},"nm":"Tracé 1","mn":"ADBE Vector Shape - Group","hd":false},{"ty":"st","c":{"a":0,"k":[0.007843137255,0.250980392157,0.403921598547,1],"ix":3},"o":{"a":0,"k":100,"ix":4},"w":{"a":0,"k":4.846,"ix":5},"lc":2,"lj":2,"bm":0,"nm":"Contour 1","mn":"ADBE Vector Graphic - Stroke","hd":false},{"ty":"fl","c":{"a":0,"k":[1,0.886274569642,0.85882358925,1],"ix":4},"o":{"a":0,"k":100,"ix":5},"r":1,"bm":0,"nm":"Fond 1","mn":"ADBE Vector Graphic - Fill","hd":false},{"ty":"tr","p":{"a":0,"k":[41.199,26.999],"ix":2},"a":{"a":0,"k":[0,0],"ix":1},"s":{"a":0,"k":[100,100],"ix":3},"r":{"a":0,"k":0,"ix":6},"o":{"a":0,"k":100,"ix":7},"sk":{"a":0,"k":0,"ix":4},"sa":{"a":0,"k":0,"ix":5},"nm":"Transformer "}],"nm":"Groupe 4","np":3,"cix":2,"bm":0,"ix":4,"mn":"ADBE Vector Group","hd":false},{"ty":"gr","it":[{"ind":0,"ty":"sh","ix":1,"ks":{"a":0,"k":{"i":[[0,0],[0,0]],"o":[[0,0],[0,0]],"v":[[15.85,-23.471],[-15.85,23.471]],"c":false},"ix":2},"nm":"Tracé 1","mn":"ADBE Vector Shape - Group","hd":false},{"ty":"st","c":{"a":0,"k":[0.007843137255,0.250980392157,0.403921598547,1],"ix":3},"o":{"a":0,"k":100,"ix":4},"w":{"a":0,"k":4.846,"ix":5},"lc":2,"lj":2,"bm":0,"nm":"Contour 1","mn":"ADBE Vector Graphic - Stroke","hd":false},{"ty":"fl","c":{"a":0,"k":[1,0.886274569642,0.85882358925,1],"ix":4},"o":{"a":0,"k":100,"ix":5},"r":1,"bm":0,"nm":"Fond 1","mn":"ADBE Vector Graphic - Fill","hd":false},{"ty":"tr","p":{"a":0,"k":[40.23,38.543],"ix":2},"a":{"a":0,"k":[0,0],"ix":1},"s":{"a":0,"k":[100,100],"ix":3},"r":{"a":0,"k":0,"ix":6},"o":{"a":0,"k":100,"ix":7},"sk":{"a":0,"k":0,"ix":4},"sa":{"a":0,"k":0,"ix":5},"nm":"Transformer "}],"nm":"Groupe 5","np":3,"cix":2,"bm":0,"ix":5,"mn":"ADBE Vector Group","hd":false},{"ty":"gr","it":[{"ind":0,"ty":"sh","ix":1,"ks":{"a":0,"k":{"i":[[11.319,-11.14],[-7.241,-4.906],[-7.954,17.508],[0,0]],"o":[[-13.927,13.707],[7.241,4.907],[6.535,-14.382],[0,0]],"v":[[-9.414,-12.43],[-13.223,21.423],[16.806,5.339],[19.135,-26.329]],"c":true},"ix":2},"nm":"Tracé 1","mn":"ADBE Vector Shape - Group","hd":false},{"ty":"st","c":{"a":0,"k":[0.007843137255,0.250980392157,0.403921598547,1],"ix":3},"o":{"a":0,"k":100,"ix":4},"w":{"a":0,"k":5.705,"ix":5},"lc":2,"lj":2,"bm":0,"nm":"Contour 1","mn":"ADBE Vector Graphic - Stroke","hd":false},{"ty":"fl","c":{"a":0,"k":[0.470588265213,0.807843197093,0.541176470588,1],"ix":4},"o":{"a":0,"k":100,"ix":5},"r":1,"bm":0,"nm":"Fond 1","mn":"ADBE Vector Graphic - Fill","hd":false},{"ty":"tr","p":{"a":0,"k":[37.603,40.592],"ix":2},"a":{"a":0,"k":[0,0],"ix":1},"s":{"a":0,"k":[100,100],"ix":3},"r":{"a":0,"k":0,"ix":6},"o":{"a":0,"k":100,"ix":7},"sk":{"a":0,"k":0,"ix":4},"sa":{"a":0,"k":0,"ix":5},"nm":"Transformer "}],"nm":"Groupe 6","np":3,"cix":2,"bm":0,"ix":6,"mn":"ADBE Vector Group","hd":false}],"ip":0,"op":129,"st":0,"bm":0},{"ddd":0,"ind":4,"ty":4,"nm":"feuille 1 Silhouettes","sr":1,"ks":{"o":{"a":0,"k":100,"ix":11},"r":{"a":1,"k":[{"i":{"x":[0.667],"y":[1]},"o":{"x":[0.333],"y":[0]},"t":15,"s":[0]},{"i":{"x":[0.667],"y":[1]},"o":{"x":[0.333],"y":[0]},"t":35,"s":[-8]},{"i":{"x":[0.667],"y":[1]},"o":{"x":[0.333],"y":[0]},"t":55,"s":[-6]},{"i":{"x":[0.667],"y":[1]},"o":{"x":[0.333],"y":[0]},"t":75,"s":[-17]},{"i":{"x":[0.667],"y":[1]},"o":{"x":[0.333],"y":[0]},"t":95,"s":[-3]},{"t":111,"s":[0]}],"ix":10},"p":{"a":0,"k":[301.835,139.244,0],"ix":2},"a":{"a":0,"k":[65.988,84.939,0],"ix":1},"s":{"a":0,"k":[100,100,100],"ix":6}},"ao":0,"shapes":[{"ty":"gr","it":[{"ind":0,"ty":"sh","ix":1,"ks":{"a":0,"k":{"i":[[0,0],[0,0]],"o":[[0,0],[0,0]],"v":[[12.761,1.879],[-12.761,-1.879]],"c":false},"ix":2},"nm":"Tracé 1","mn":"ADBE Vector Shape - Group","hd":false},{"ty":"st","c":{"a":0,"k":[0.007843137255,0.250980392157,0.403921598547,1],"ix":3},"o":{"a":0,"k":100,"ix":4},"w":{"a":0,"k":5.789,"ix":5},"lc":2,"lj":2,"bm":0,"nm":"Contour 1","mn":"ADBE Vector Graphic - Stroke","hd":false},{"ty":"tr","p":{"a":0,"k":[36.923,66.165],"ix":2},"a":{"a":0,"k":[0,0],"ix":1},"s":{"a":0,"k":[100,100],"ix":3},"r":{"a":0,"k":0,"ix":6},"o":{"a":0,"k":100,"ix":7},"sk":{"a":0,"k":0,"ix":4},"sa":{"a":0,"k":0,"ix":5},"nm":"Transformer "}],"nm":"Groupe 1","np":2,"cix":2,"bm":0,"ix":1,"mn":"ADBE Vector Group","hd":false},{"ty":"gr","it":[{"ind":0,"ty":"sh","ix":1,"ks":{"a":0,"k":{"i":[[0,0],[0,0]],"o":[[0,0],[0,0]],"v":[[9.352,1.377],[-9.352,-1.377]],"c":false},"ix":2},"nm":"Tracé 1","mn":"ADBE Vector Shape - Group","hd":false},{"ty":"st","c":{"a":0,"k":[0.007843137255,0.250980392157,0.403921598547,1],"ix":3},"o":{"a":0,"k":100,"ix":4},"w":{"a":0,"k":5.789,"ix":5},"lc":2,"lj":2,"bm":0,"nm":"Contour 1","mn":"ADBE Vector Graphic - Stroke","hd":false},{"ty":"tr","p":{"a":0,"k":[28.236,41.546],"ix":2},"a":{"a":0,"k":[0,0],"ix":1},"s":{"a":0,"k":[100,100],"ix":3},"r":{"a":0,"k":0,"ix":6},"o":{"a":0,"k":100,"ix":7},"sk":{"a":0,"k":0,"ix":4},"sa":{"a":0,"k":0,"ix":5},"nm":"Transformer "}],"nm":"Groupe 2","np":2,"cix":2,"bm":0,"ix":2,"mn":"ADBE Vector Group","hd":false},{"ty":"gr","it":[{"ind":0,"ty":"sh","ix":1,"ks":{"a":0,"k":{"i":[[0,0],[0,0]],"o":[[0,0],[0,0]],"v":[[-6.04,11.396],[6.04,-11.396]],"c":false},"ix":2},"nm":"Tracé 1","mn":"ADBE Vector Shape - Group","hd":false},{"ty":"st","c":{"a":0,"k":[0.007843137255,0.250980392157,0.403921598547,1],"ix":3},"o":{"a":0,"k":100,"ix":4},"w":{"a":0,"k":5.789,"ix":5},"lc":2,"lj":2,"bm":0,"nm":"Contour 1","mn":"ADBE Vector Graphic - Stroke","hd":false},{"ty":"tr","p":{"a":0,"k":[56.831,56.087],"ix":2},"a":{"a":0,"k":[0,0],"ix":1},"s":{"a":0,"k":[100,100],"ix":3},"r":{"a":0,"k":0,"ix":6},"o":{"a":0,"k":100,"ix":7},"sk":{"a":0,"k":0,"ix":4},"sa":{"a":0,"k":0,"ix":5},"nm":"Transformer "}],"nm":"Groupe 3","np":2,"cix":2,"bm":0,"ix":3,"mn":"ADBE Vector Group","hd":false},{"ty":"gr","it":[{"ind":0,"ty":"sh","ix":1,"ks":{"a":0,"k":{"i":[[0,0],[0,0]],"o":[[0,0],[0,0]],"v":[[-4.426,8.352],[4.426,-8.352]],"c":false},"ix":2},"nm":"Tracé 1","mn":"ADBE Vector Shape - Group","hd":false},{"ty":"st","c":{"a":0,"k":[0.007843137255,0.250980392157,0.403921598547,1],"ix":3},"o":{"a":0,"k":100,"ix":4},"w":{"a":0,"k":5.789,"ix":5},"lc":2,"lj":2,"bm":0,"nm":"Contour 1","mn":"ADBE Vector Graphic - Stroke","hd":false},{"ty":"tr","p":{"a":0,"k":[42.132,34.511],"ix":2},"a":{"a":0,"k":[0,0],"ix":1},"s":{"a":0,"k":[100,100],"ix":3},"r":{"a":0,"k":0,"ix":6},"o":{"a":0,"k":100,"ix":7},"sk":{"a":0,"k":0,"ix":4},"sa":{"a":0,"k":0,"ix":5},"nm":"Transformer "}],"nm":"Groupe 4","np":2,"cix":2,"bm":0,"ix":4,"mn":"ADBE Vector Group","hd":false},{"ty":"gr","it":[{"ind":0,"ty":"sh","ix":1,"ks":{"a":0,"k":{"i":[[0,0],[0,0]],"o":[[0,0],[0,0]],"v":[[-17.494,-34.698],[17.494,34.698]],"c":false},"ix":2},"nm":"Tracé 1","mn":"ADBE Vector Shape - Group","hd":false},{"ty":"st","c":{"a":0,"k":[0.007843137255,0.250980392157,0.403921598547,1],"ix":3},"o":{"a":0,"k":100,"ix":4},"w":{"a":0,"k":5.789,"ix":5},"lc":2,"lj":2,"bm":0,"nm":"Contour 1","mn":"ADBE Vector Graphic - Stroke","hd":false},{"ty":"tr","p":{"a":0,"k":[41.446,50.392],"ix":2},"a":{"a":0,"k":[0,0],"ix":1},"s":{"a":0,"k":[100,100],"ix":3},"r":{"a":0,"k":0,"ix":6},"o":{"a":0,"k":100,"ix":7},"sk":{"a":0,"k":0,"ix":4},"sa":{"a":0,"k":0,"ix":5},"nm":"Transformer "}],"nm":"Groupe 5","np":2,"cix":2,"bm":0,"ix":5,"mn":"ADBE Vector Group","hd":false},{"ty":"gr","it":[{"ind":0,"ty":"sh","ix":1,"ks":{"a":0,"k":{"i":[[4.656,-9.128],[3.161,-1.597],[9.346,14.445],[1.585,5.135],[0,0],[-13.465,-17.128]],"o":[[-1.951,3.823],[-8.523,4.313],[-2.396,-3.686],[-6.39,-20.71],[0,0],[11.684,14.856]],"v":[[23.859,24.846],[15.951,33.153],[-16.067,19.268],[-22.125,6.041],[-19.797,-37.467],[16.648,-13.584]],"c":true},"ix":2},"nm":"Tracé 1","mn":"ADBE Vector Shape - Group","hd":false},{"ty":"st","c":{"a":0,"k":[0.007843137255,0.250980392157,0.403921598547,1],"ix":3},"o":{"a":0,"k":100,"ix":4},"w":{"a":0,"k":5.789,"ix":5},"lc":2,"lj":2,"bm":0,"nm":"Contour 1","mn":"ADBE Vector Graphic - Stroke","hd":false},{"ty":"fl","c":{"a":0,"k":[0.470588265213,0.807843197093,0.541176470588,1],"ix":4},"o":{"a":0,"k":100,"ix":5},"r":1,"bm":0,"nm":"Fond 1","mn":"ADBE Vector Graphic - Fill","hd":false},{"ty":"tr","p":{"a":0,"k":[42.987,51.939],"ix":2},"a":{"a":0,"k":[0,0],"ix":1},"s":{"a":0,"k":[100,100],"ix":3},"r":{"a":0,"k":0,"ix":6},"o":{"a":0,"k":100,"ix":7},"sk":{"a":0,"k":0,"ix":4},"sa":{"a":0,"k":0,"ix":5},"nm":"Transformer "}],"nm":"Groupe 6","np":3,"cix":2,"bm":0,"ix":6,"mn":"ADBE Vector Group","hd":false}],"ip":0,"op":129,"st":0,"bm":0},{"ddd":0,"ind":5,"ty":4,"nm":"Tranches Silhouettes","sr":1,"ks":{"o":{"a":0,"k":100,"ix":11},"r":{"a":0,"k":0,"ix":10},"p":{"a":1,"k":[{"i":{"x":0.667,"y":1},"o":{"x":0.333,"y":0},"t":23,"s":[280.416,255.193,0],"to":[-13.333,0,0],"ti":[13.333,1.667,0]},{"i":{"x":0.667,"y":1},"o":{"x":0.333,"y":0},"t":42,"s":[200.416,255.193,0],"to":[-13.333,-1.667,0],"ti":[-13.333,0,0]},{"i":{"x":0.004,"y":1},"o":{"x":0.333,"y":0},"t":72,"s":[200.416,245.193,0],"to":[13.333,0,0],"ti":[-13.333,-1.667,0]},{"t":124,"s":[280.416,255.193,0]}],"ix":2},"a":{"a":0,"k":[57.868,59.039,0],"ix":1},"s":{"a":1,"k":[{"i":{"x":[0.667,0.667,0.667],"y":[1,1,1]},"o":{"x":[0.333,0.333,0.333],"y":[0,0,0]},"t":23,"s":[100,100,100]},{"i":{"x":[0.667,0.667,0.667],"y":[1,1,1]},"o":{"x":[0.333,0.333,0.333],"y":[0,0,0]},"t":35,"s":[-100,100,100]},{"i":{"x":[0.667,0.667,0.667],"y":[1,1,1]},"o":{"x":[0.333,0.333,0.333],"y":[0,0,0]},"t":55,"s":[100,100,100]},{"i":{"x":[0.151,0,0.667],"y":[1,1,1]},"o":{"x":[0.333,0.333,0.333],"y":[0,0,0]},"t":75,"s":[-100,100,100]},{"t":124,"s":[100,100,100]}],"ix":6}},"ao":0,"shapes":[{"ty":"gr","it":[{"ind":0,"ty":"sh","ix":1,"ks":{"a":0,"k":{"i":[[0,0],[0,0]],"o":[[0,0],[0,0]],"v":[[-0.598,-17.569],[0.598,17.569]],"c":false},"ix":2},"nm":"Tracé 1","mn":"ADBE Vector Shape - Group","hd":false},{"ty":"st","c":{"a":0,"k":[0.007843137255,0.250980392157,0.403921598547,1],"ix":3},"o":{"a":0,"k":100,"ix":4},"w":{"a":0,"k":5.705,"ix":5},"lc":2,"lj":2,"bm":0,"nm":"Contour 1","mn":"ADBE Vector Graphic - Stroke","hd":false},{"ty":"tr","p":{"a":0,"k":[48.113,67.426],"ix":2},"a":{"a":0,"k":[0,0],"ix":1},"s":{"a":0,"k":[100,100],"ix":3},"r":{"a":0,"k":0,"ix":6},"o":{"a":0,"k":100,"ix":7},"sk":{"a":0,"k":0,"ix":4},"sa":{"a":0,"k":0,"ix":5},"nm":"Transformer "}],"nm":"Groupe 1","np":2,"cix":2,"bm":0,"ix":1,"mn":"ADBE Vector Group","hd":false},{"ty":"gr","it":[{"ind":0,"ty":"sh","ix":1,"ks":{"a":0,"k":{"i":[[0,0],[0,0]],"o":[[0,0],[0,0]],"v":[[-17.569,0.598],[17.569,-0.598]],"c":false},"ix":2},"nm":"Tracé 1","mn":"ADBE Vector Shape - Group","hd":false},{"ty":"st","c":{"a":0,"k":[0.007843137255,0.250980392157,0.403921598547,1],"ix":3},"o":{"a":0,"k":100,"ix":4},"w":{"a":0,"k":5.705,"ix":5},"lc":2,"lj":2,"bm":0,"nm":"Contour 1","mn":"ADBE Vector Graphic - Stroke","hd":false},{"ty":"tr","p":{"a":0,"k":[65.084,49.259],"ix":2},"a":{"a":0,"k":[0,0],"ix":1},"s":{"a":0,"k":[100,100],"ix":3},"r":{"a":0,"k":0,"ix":6},"o":{"a":0,"k":100,"ix":7},"sk":{"a":0,"k":0,"ix":4},"sa":{"a":0,"k":0,"ix":5},"nm":"Transformer "}],"nm":"Groupe 2","np":2,"cix":2,"bm":0,"ix":2,"mn":"ADBE Vector Group","hd":false},{"ty":"gr","it":[{"ind":0,"ty":"sh","ix":1,"ks":{"a":0,"k":{"i":[[0,0],[0,0]],"o":[[0,0],[0,0]],"v":[[-12.845,-12.001],[12.845,12.001]],"c":false},"ix":2},"nm":"Tracé 1","mn":"ADBE Vector Shape - Group","hd":false},{"ty":"st","c":{"a":0,"k":[0.007843137255,0.250980392157,0.403921598547,1],"ix":3},"o":{"a":0,"k":100,"ix":4},"w":{"a":0,"k":5.705,"ix":5},"lc":2,"lj":2,"bm":0,"nm":"Contour 1","mn":"ADBE Vector Graphic - Stroke","hd":false},{"ty":"tr","p":{"a":0,"k":[60.36,61.857],"ix":2},"a":{"a":0,"k":[0,0],"ix":1},"s":{"a":0,"k":[100,100],"ix":3},"r":{"a":0,"k":0,"ix":6},"o":{"a":0,"k":100,"ix":7},"sk":{"a":0,"k":0,"ix":4},"sa":{"a":0,"k":0,"ix":5},"nm":"Transformer "}],"nm":"Groupe 3","np":2,"cix":2,"bm":0,"ix":3,"mn":"ADBE Vector Group","hd":false},{"ty":"gr","it":[{"ind":0,"ty":"sh","ix":1,"ks":{"a":0,"k":{"i":[[19.658,18.365],[0,0],[18.365,-19.659]],"o":[[0,0],[19.658,18.364],[-18.365,19.658]],"v":[[-43.606,26.412],[22.899,-44.777],[25.241,24.07]],"c":true},"ix":2},"nm":"Tracé 1","mn":"ADBE Vector Shape - Group","hd":false},{"ty":"st","c":{"a":0,"k":[0.007843137255,0.250980392157,0.403921598547,1],"ix":3},"o":{"a":0,"k":100,"ix":4},"w":{"a":0,"k":5.705,"ix":5},"lc":2,"lj":2,"bm":0,"nm":"Contour 1","mn":"ADBE Vector Graphic - Stroke","hd":false},{"ty":"tr","p":{"a":0,"k":[57.868,59.039],"ix":2},"a":{"a":0,"k":[0,0],"ix":1},"s":{"a":0,"k":[100,100],"ix":3},"r":{"a":0,"k":0,"ix":6},"o":{"a":0,"k":100,"ix":7},"sk":{"a":0,"k":0,"ix":4},"sa":{"a":0,"k":0,"ix":5},"nm":"Transformer "}],"nm":"Groupe 4","np":2,"cix":2,"bm":0,"ix":4,"mn":"ADBE Vector Group","hd":false},{"ty":"gr","it":[{"ind":0,"ty":"sh","ix":1,"ks":{"a":0,"k":{"i":[[13.625,-14.585],[14.585,13.625],[-8.313,8.899]],"o":[[-13.625,14.585],[14.079,-15.07],[14.585,13.625]],"v":[[18.728,17.859],[-32.353,19.597],[16.99,-33.222]],"c":true},"ix":2},"nm":"Tracé 1","mn":"ADBE Vector Shape - Group","hd":false},{"ty":"st","c":{"a":0,"k":[0.007843137255,0.250980392157,0.403921598547,1],"ix":3},"o":{"a":0,"k":100,"ix":4},"w":{"a":0,"k":5.705,"ix":5},"lc":2,"lj":2,"bm":0,"nm":"Contour 1","mn":"ADBE Vector Graphic - Stroke","hd":false},{"ty":"fl","c":{"a":0,"k":[0.929411824544,0.427451010311,0.427451010311,1],"ix":4},"o":{"a":0,"k":100,"ix":5},"r":1,"bm":0,"nm":"Fond 1","mn":"ADBE Vector Graphic - Fill","hd":false},{"ty":"tr","p":{"a":0,"k":[55.196,56.669],"ix":2},"a":{"a":0,"k":[0,0],"ix":1},"s":{"a":0,"k":[100,100],"ix":3},"r":{"a":0,"k":0,"ix":6},"o":{"a":0,"k":100,"ix":7},"sk":{"a":0,"k":0,"ix":4},"sa":{"a":0,"k":0,"ix":5},"nm":"Transformer "}],"nm":"Groupe 5","np":3,"cix":2,"bm":0,"ix":5,"mn":"ADBE Vector Group","hd":false}],"ip":0,"op":129,"st":0,"bm":0},{"ddd":0,"ind":6,"ty":4,"nm":"glacon Silhouettes","sr":1,"ks":{"o":{"a":0,"k":100,"ix":11},"r":{"a":0,"k":0,"ix":10},"p":{"a":1,"k":[{"i":{"x":0.667,"y":1},"o":{"x":0.333,"y":0},"t":23,"s":[237.491,222.382,0],"to":[13.333,0,0],"ti":[-8.333,0,0]},{"i":{"x":0.667,"y":1},"o":{"x":0.333,"y":0},"t":42,"s":[317.491,222.382,0],"to":[8.333,0,0],"ti":[13.333,0,0]},{"i":{"x":0.004,"y":1},"o":{"x":0.333,"y":0},"t":72,"s":[287.491,222.382,0],"to":[-13.333,0,0],"ti":[8.333,0,0]},{"t":124,"s":[237.491,222.382,0]}],"ix":2},"a":{"a":0,"k":[36.187,36.187,0],"ix":1},"s":{"a":1,"k":[{"i":{"x":[0.667,0.667,0.667],"y":[1,1,1]},"o":{"x":[0.333,0.333,0.333],"y":[0,0,0]},"t":23,"s":[100,100,100]},{"i":{"x":[0.667,0.667,0.667],"y":[1,1,1]},"o":{"x":[0.333,0.333,0.333],"y":[0,0,0]},"t":35,"s":[-100,100,100]},{"i":{"x":[0.667,0.667,0.667],"y":[1,1,1]},"o":{"x":[0.333,0.333,0.333],"y":[0,0,0]},"t":55,"s":[100,100,100]},{"i":{"x":[0.151,0,0.667],"y":[1,1,1]},"o":{"x":[0.333,0.333,0.333],"y":[0,0,0]},"t":75,"s":[-100,100,100]},{"t":124,"s":[100,100,100]}],"ix":6}},"ao":0,"shapes":[{"ty":"gr","it":[{"ind":0,"ty":"sh","ix":1,"ks":{"a":0,"k":{"i":[[0,0],[0,0]],"o":[[0,0],[0,0]],"v":[[-0.03,0.18],[0.03,-0.18]],"c":false},"ix":2},"nm":"Tracé 1","mn":"ADBE Vector Shape - Group","hd":false},{"ty":"st","c":{"a":0,"k":[0.007843137255,0.250980392157,0.403921598547,1],"ix":3},"o":{"a":0,"k":100,"ix":4},"w":{"a":0,"k":5.789,"ix":5},"lc":2,"lj":2,"bm":0,"nm":"Contour 1","mn":"ADBE Vector Graphic - Stroke","hd":false},{"ty":"tr","p":{"a":0,"k":[43.977,42.203],"ix":2},"a":{"a":0,"k":[0,0],"ix":1},"s":{"a":0,"k":[100,100],"ix":3},"r":{"a":0,"k":0,"ix":6},"o":{"a":0,"k":100,"ix":7},"sk":{"a":0,"k":0,"ix":4},"sa":{"a":0,"k":0,"ix":5},"nm":"Transformer "}],"nm":"Groupe 1","np":2,"cix":2,"bm":0,"ix":1,"mn":"ADBE Vector Group","hd":false},{"ty":"gr","it":[{"ind":0,"ty":"sh","ix":1,"ks":{"a":0,"k":{"i":[[0,0],[0,0],[1.263,0.154],[0,0]],"o":[[0,0],[0.154,-1.263],[0,0],[0,0]],"v":[[1.496,1.585],[1.539,1.141],[-0.477,-1.436],[-1.693,-1.585]],"c":false},"ix":2},"nm":"Tracé 1","mn":"ADBE Vector Shape - Group","hd":false},{"ty":"st","c":{"a":0,"k":[0.007843137255,0.250980392157,0.403921598547,1],"ix":3},"o":{"a":0,"k":100,"ix":4},"w":{"a":0,"k":5.789,"ix":5},"lc":2,"lj":2,"bm":0,"nm":"Contour 1","mn":"ADBE Vector Graphic - Stroke","hd":false},{"ty":"tr","p":{"a":0,"k":[43.251,30.394],"ix":2},"a":{"a":0,"k":[0,0],"ix":1},"s":{"a":0,"k":[100,100],"ix":3},"r":{"a":0,"k":0,"ix":6},"o":{"a":0,"k":100,"ix":7},"sk":{"a":0,"k":0,"ix":4},"sa":{"a":0,"k":0,"ix":5},"nm":"Transformer "}],"nm":"Groupe 2","np":2,"cix":2,"bm":0,"ix":2,"mn":"ADBE Vector Group","hd":false},{"ty":"gr","it":[{"ind":0,"ty":"sh","ix":1,"ks":{"a":0,"k":{"i":[[9.879,1.208],[0,0],[-1.208,9.879],[0,0],[-9.879,-1.208],[0,0],[1.208,-9.88],[0,0]],"o":[[0,0],[-9.879,-1.208],[0,0],[1.208,-9.879],[0,0],[9.879,1.208],[0,0],[-1.207,9.879]],"v":[[-0.206,20.506],[-4.741,19.952],[-20.507,-0.206],[-19.952,-4.74],[0.206,-20.507],[4.74,-19.952],[20.507,0.206],[19.952,4.74]],"c":true},"ix":2},"nm":"Tracé 1","mn":"ADBE Vector Shape - Group","hd":false},{"ty":"st","c":{"a":0,"k":[0.007843137255,0.250980392157,0.403921598547,1],"ix":3},"o":{"a":0,"k":100,"ix":4},"w":{"a":0,"k":5.789,"ix":5},"lc":2,"lj":2,"bm":0,"nm":"Contour 1","mn":"ADBE Vector Graphic - Stroke","hd":false},{"ty":"tr","p":{"a":0,"k":[36.187,36.187],"ix":2},"a":{"a":0,"k":[0,0],"ix":1},"s":{"a":0,"k":[100,100],"ix":3},"r":{"a":0,"k":0,"ix":6},"o":{"a":0,"k":100,"ix":7},"sk":{"a":0,"k":0,"ix":4},"sa":{"a":0,"k":0,"ix":5},"nm":"Transformer "}],"nm":"Groupe 3","np":2,"cix":2,"bm":0,"ix":3,"mn":"ADBE Vector Group","hd":false}],"ip":0,"op":129,"st":0,"bm":0},{"ddd":0,"ind":7,"ty":4,"nm":"BULLES Silhouettes","sr":1,"ks":{"o":{"a":0,"k":100,"ix":11},"r":{"a":0,"k":0,"ix":10},"p":{"a":1,"k":[{"i":{"x":0.667,"y":1},"o":{"x":0.333,"y":0},"t":23,"s":[226.107,253.299,0],"to":[6.667,-0.833,0],"ti":[-6.667,-1.667,0]},{"i":{"x":0.667,"y":1},"o":{"x":0.333,"y":0},"t":42,"s":[266.107,248.299,0],"to":[3.059,0.765,0],"ti":[-0.252,-3.153,0]},{"i":{"x":0.667,"y":1},"o":{"x":0.333,"y":0},"t":56,"s":[251.073,245.261,0],"to":[0.297,3.719,0],"ti":[3.608,-0.451,0]},{"i":{"x":0.004,"y":1},"o":{"x":0.333,"y":0},"t":72,"s":[236.107,253.299,0],"to":[-6.667,0.833,0],"ti":[1.667,0,0]},{"t":124,"s":[226.107,253.299,0]}],"ix":2},"a":{"a":0,"k":[71.026,65.288,0],"ix":1},"s":{"a":1,"k":[{"i":{"x":[0.667,0.667,0.667],"y":[1,1,1]},"o":{"x":[0.333,0.333,0.333],"y":[0,0,0]},"t":23,"s":[100,100,100]},{"i":{"x":[0.667,0.667,0.667],"y":[1,1,1]},"o":{"x":[0.333,0.333,0.333],"y":[0,0,0]},"t":35,"s":[-100,100,100]},{"i":{"x":[0.667,0.667,0.667],"y":[1,1,1]},"o":{"x":[0.333,0.333,0.333],"y":[0,0,0]},"t":55,"s":[100,100,100]},{"i":{"x":[0.151,0,0.667],"y":[1,1,1]},"o":{"x":[0.333,0.333,0.333],"y":[0,0,0]},"t":75,"s":[-100,100,100]},{"t":124,"s":[100,100,100]}],"ix":6}},"ao":0,"shapes":[{"ty":"gr","it":[{"ind":0,"ty":"sh","ix":1,"ks":{"a":0,"k":{"i":[[2.142,0],[0,0],[0,2.142],[-2.142,0],[0,-2.142]],"o":[[0,0],[-2.142,0],[0,-2.142],[2.142,0],[0,2.142]],"v":[[0,3.895],[0,3.895],[-3.894,0.001],[0,-3.895],[3.894,0.001]],"c":true},"ix":2},"nm":"Tracé 1","mn":"ADBE Vector Shape - Group","hd":false},{"ty":"st","c":{"a":0,"k":[0.007843137255,0.250980392157,0.403921598547,1],"ix":3},"o":{"a":0,"k":100,"ix":4},"w":{"a":0,"k":4.564,"ix":5},"lc":2,"lj":2,"bm":0,"nm":"Contour 1","mn":"ADBE Vector Graphic - Stroke","hd":false},{"ty":"tr","p":{"a":0,"k":[85.877,115.271],"ix":2},"a":{"a":0,"k":[0,0],"ix":1},"s":{"a":0,"k":[100,100],"ix":3},"r":{"a":0,"k":0,"ix":6},"o":{"a":0,"k":100,"ix":7},"sk":{"a":0,"k":0,"ix":4},"sa":{"a":0,"k":0,"ix":5},"nm":"Transformer "}],"nm":"Groupe 1","np":2,"cix":2,"bm":0,"ix":1,"mn":"ADBE Vector Group","hd":false},{"ty":"gr","it":[{"ind":0,"ty":"sh","ix":1,"ks":{"a":0,"k":{"i":[[1.624,0],[0,0],[0,1.624],[-1.624,0],[0,-1.624]],"o":[[0,0],[-1.624,0],[0,-1.624],[1.624,0],[0,1.624]],"v":[[0,2.952],[0,2.952],[-2.952,0],[0,-2.952],[2.952,0]],"c":true},"ix":2},"nm":"Tracé 1","mn":"ADBE Vector Shape - Group","hd":false},{"ty":"st","c":{"a":0,"k":[0.007843137255,0.250980392157,0.403921598547,1],"ix":3},"o":{"a":0,"k":100,"ix":4},"w":{"a":0,"k":3.46,"ix":5},"lc":2,"lj":2,"bm":0,"nm":"Contour 1","mn":"ADBE Vector Graphic - Stroke","hd":false},{"ty":"tr","p":{"a":0,"k":[130.45,11.602],"ix":2},"a":{"a":0,"k":[0,0],"ix":1},"s":{"a":0,"k":[100,100],"ix":3},"r":{"a":0,"k":0,"ix":6},"o":{"a":0,"k":100,"ix":7},"sk":{"a":0,"k":0,"ix":4},"sa":{"a":0,"k":0,"ix":5},"nm":"Transformer "}],"nm":"Groupe 2","np":2,"cix":2,"bm":0,"ix":2,"mn":"ADBE Vector Group","hd":false},{"ty":"gr","it":[{"ind":0,"ty":"sh","ix":1,"ks":{"a":0,"k":{"i":[[2.142,0],[0,0],[0,2.142],[-2.142,0],[0,-2.142]],"o":[[0,0],[-2.142,0],[0,-2.142],[2.142,0],[0,2.142]],"v":[[0,3.894],[0,3.894],[-3.894,0.001],[0,-3.894],[3.894,0.001]],"c":true},"ix":2},"nm":"Tracé 1","mn":"ADBE Vector Shape - Group","hd":false},{"ty":"st","c":{"a":0,"k":[0.007843137255,0.250980392157,0.403921598547,1],"ix":3},"o":{"a":0,"k":100,"ix":4},"w":{"a":0,"k":4.564,"ix":5},"lc":2,"lj":2,"bm":0,"nm":"Contour 1","mn":"ADBE Vector Graphic - Stroke","hd":false},{"ty":"tr","p":{"a":0,"k":[15.304,58.27],"ix":2},"a":{"a":0,"k":[0,0],"ix":1},"s":{"a":0,"k":[100,100],"ix":3},"r":{"a":0,"k":0,"ix":6},"o":{"a":0,"k":100,"ix":7},"sk":{"a":0,"k":0,"ix":4},"sa":{"a":0,"k":0,"ix":5},"nm":"Transformer "}],"nm":"Groupe 3","np":2,"cix":2,"bm":0,"ix":3,"mn":"ADBE Vector Group","hd":false}],"ip":0,"op":129,"st":0,"bm":0},{"ddd":0,"ind":8,"ty":4,"nm":"liquide Silhouettes","sr":1,"ks":{"o":{"a":0,"k":100,"ix":11},"r":{"a":0,"k":0,"ix":10},"p":{"a":0,"k":[237.061,240.163,0],"ix":2},"a":{"a":0,"k":[93.347,74.661,0],"ix":1},"s":{"a":0,"k":[100,100,100],"ix":6}},"ao":0,"shapes":[{"ty":"gr","it":[{"ind":0,"ty":"sh","ix":1,"ks":{"a":1,"k":[{"i":{"x":0.833,"y":0.833},"o":{"x":0.167,"y":0.167},"t":7,"s":[{"i":[[0,-0.742],[0,0],[0.681,-0.574],[0.106,-0.08],[0.114,-0.079],[1.316,-0.53],[0.901,-0.283],[0.759,-0.212],[0.15,-0.044],[0.442,-0.106],[0.504,-0.115],[0.371,-0.079],[2.72,-0.442],[0.407,-0.062],[0.424,-0.054],[0.327,-0.035],[0.203,-0.026],[0.45,-0.062],[0.804,-0.097],[0.495,-0.062],[0.406,-0.045],[0.91,-0.097],[0.106,-0.008],[17.657,0],[0,6.757],[-15.735,2.23],[-22.019,0],[-13.081,-1.308],[-4.929,-3.021],[-0.185,-0.132],[-0.133,-0.106]],"o":[[0,0],[-0.115,0.601],[-0.097,0.08],[-0.105,0.079],[-0.821,0.557],[-0.751,0.3],[-0.68,0.221],[-0.15,0.045],[-0.415,0.115],[-0.477,0.123],[-0.361,0.089],[-2.261,0.504],[-0.389,0.061],[-0.406,0.071],[-0.309,0.053],[-0.194,0.035],[-0.442,0.062],[-0.769,0.105],[-0.486,0.062],[-0.397,0.045],[-0.875,0.106],[-0.106,0.009],[-13.408,1.405],[-45.47,0],[0,-3.485],[14.775,-2.094],[16.924,0],[16.871,1.678],[0.212,0.132],[0.151,0.106],[0.856,0.707]],"v":[[82.334,0.004],[82.299,0.367],[81.088,2.133],[80.779,2.38],[80.444,2.618],[77.229,4.254],[74.747,5.137],[72.583,5.78],[72.132,5.905],[70.842,6.241],[69.367,6.594],[68.272,6.841],[60.791,8.254],[59.598,8.44],[58.362,8.625],[57.408,8.767],[56.808,8.854],[55.465,9.04],[53.098,9.349],[51.631,9.535],[50.422,9.668],[47.745,9.967],[47.427,10.003],[0.004,12.237],[-82.334,0.004],[-56.792,-8.857],[0.004,-12.237],[45.749,-10.171],[80.011,-2.892],[80.611,-2.496],[81.027,-2.177]],"c":true}]},{"i":{"x":0.833,"y":0.833},"o":{"x":0.167,"y":0.167},"t":10,"s":[{"i":[[0,-0.742],[0,0],[0.681,-0.574],[0.106,-0.08],[0.114,-0.079],[1.316,-0.53],[0.901,-0.283],[0.759,-0.212],[0.15,-0.044],[0.442,-0.106],[0.504,-0.115],[0.371,-0.079],[2.72,-0.442],[0.407,-0.062],[0.424,-0.054],[0.327,-0.035],[0.203,-0.026],[0.45,-0.062],[0.804,-0.097],[0.495,-0.062],[0.406,-0.045],[0.91,-0.097],[0.106,-0.008],[17.657,0],[0,6.757],[-24.664,2.116],[-14.956,0],[-13.081,-1.308],[-4.929,-3.021],[-0.185,-0.132],[-0.133,-0.106]],"o":[[0,0],[-0.115,0.601],[-0.097,0.08],[-0.105,0.079],[-0.821,0.557],[-0.751,0.3],[-0.68,0.221],[-0.15,0.045],[-0.415,0.115],[-0.477,0.123],[-0.361,0.089],[-2.261,0.504],[-0.389,0.061],[-0.406,0.071],[-0.309,0.053],[-0.194,0.035],[-0.442,0.062],[-0.769,0.105],[-0.486,0.062],[-0.397,0.045],[-0.875,0.106],[-0.106,0.009],[-13.408,1.405],[-45.47,0],[0,-4.534],[12.089,-1.037],[16.924,0],[16.871,1.678],[0.212,0.132],[0.151,0.106],[0.856,0.707]],"v":[[82.334,0.004],[82.299,0.367],[81.088,2.133],[80.779,2.38],[80.444,2.618],[77.229,4.254],[74.747,5.137],[72.583,5.78],[72.132,5.905],[70.842,6.241],[69.367,6.594],[68.272,6.841],[60.791,8.254],[59.598,8.44],[58.362,8.625],[57.408,8.767],[56.808,8.854],[55.465,9.04],[53.098,9.349],[51.631,9.535],[50.422,9.668],[47.745,9.967],[47.427,10.003],[0.004,12.237],[-82.334,0.004],[-43.066,-32.107],[0.004,-12.237],[45.749,-10.171],[80.011,-2.892],[80.611,-2.495],[81.027,-2.177]],"c":true}]},{"i":{"x":0.833,"y":0.833},"o":{"x":0.167,"y":0.167},"t":14,"s":[{"i":[[0,-0.742],[0,0],[0.681,-0.574],[0.106,-0.08],[0.114,-0.079],[1.316,-0.53],[0.901,-0.283],[0.759,-0.212],[0.15,-0.044],[0.442,-0.106],[0.504,-0.115],[0.371,-0.079],[2.72,-0.442],[0.407,-0.062],[0.424,-0.054],[0.327,-0.035],[0.203,-0.026],[0.45,-0.062],[0.804,-0.097],[0.495,-0.062],[0.406,-0.045],[0.91,-0.097],[0.106,-0.008],[17.657,0],[0,6.757],[-15.735,2.23],[-22.019,0],[-22.805,-4.819],[-4.929,-3.021],[-0.185,-0.132],[-0.133,-0.106]],"o":[[0,0],[-0.115,0.601],[-0.097,0.08],[-0.105,0.079],[-0.821,0.557],[-0.751,0.3],[-0.68,0.221],[-0.15,0.045],[-0.415,0.115],[-0.477,0.123],[-0.361,0.089],[-2.261,0.504],[-0.389,0.061],[-0.406,0.071],[-0.309,0.053],[-0.194,0.035],[-0.442,0.062],[-0.769,0.105],[-0.486,0.062],[-0.397,0.045],[-0.875,0.106],[-0.106,0.009],[-13.408,1.405],[-45.47,0],[0,-3.485],[14.775,-2.094],[16.924,0],[20.055,4.238],[0.212,0.132],[0.151,0.106],[0.856,0.707]],"v":[[82.334,0.004],[82.299,0.367],[81.088,2.133],[80.779,2.38],[80.444,2.618],[77.229,4.254],[74.747,5.137],[72.583,5.78],[72.132,5.905],[70.842,6.241],[69.367,6.594],[68.272,6.841],[60.791,8.254],[59.598,8.44],[58.362,8.625],[57.408,8.767],[56.808,8.854],[55.465,9.04],[53.098,9.349],[51.631,9.535],[50.422,9.668],[47.745,9.967],[47.427,10.003],[0.004,12.237],[-82.334,0.004],[-56.792,-8.857],[0.004,-12.237],[47.749,-20.671],[80.011,-2.892],[80.611,-2.496],[81.027,-2.177]],"c":true}]},{"i":{"x":0.833,"y":0.833},"o":{"x":0.167,"y":0.167},"t":19,"s":[{"i":[[0,-0.742],[0,0],[0.681,-0.574],[0.106,-0.08],[0.114,-0.079],[1.316,-0.53],[0.901,-0.283],[0.759,-0.212],[0.15,-0.044],[0.442,-0.106],[0.504,-0.115],[0.371,-0.079],[2.72,-0.442],[0.407,-0.062],[0.424,-0.054],[0.327,-0.035],[0.203,-0.026],[0.45,-0.062],[0.804,-0.097],[0.495,-0.062],[0.406,-0.045],[0.91,-0.097],[0.106,-0.008],[17.657,0],[0,6.757],[-15.735,2.23],[-22.019,0],[-13.081,-1.308],[-4.929,-3.021],[-0.185,-0.132],[-0.133,-0.106]],"o":[[0,0],[-0.115,0.601],[-0.097,0.08],[-0.105,0.079],[-0.821,0.557],[-0.751,0.3],[-0.68,0.221],[-0.15,0.045],[-0.415,0.115],[-0.477,0.123],[-0.361,0.089],[-2.261,0.504],[-0.389,0.061],[-0.406,0.071],[-0.309,0.053],[-0.194,0.035],[-0.442,0.062],[-0.769,0.105],[-0.486,0.062],[-0.397,0.045],[-0.875,0.106],[-0.106,0.009],[-13.408,1.405],[-45.47,0],[0,-3.485],[14.775,-2.094],[16.924,0],[16.871,1.678],[0.212,0.132],[0.151,0.106],[0.856,0.707]],"v":[[82.334,0.004],[82.299,0.367],[81.088,2.133],[80.779,2.38],[80.444,2.618],[77.229,4.254],[74.747,5.137],[72.583,5.78],[72.132,5.905],[70.842,6.241],[69.367,6.594],[68.272,6.841],[60.791,8.254],[59.598,8.44],[58.362,8.625],[57.408,8.767],[56.808,8.854],[55.465,9.04],[53.098,9.349],[51.631,9.535],[50.422,9.668],[47.745,9.967],[47.427,10.003],[0.004,12.237],[-82.334,0.004],[-56.792,-8.857],[0.004,-12.237],[45.749,-10.171],[80.011,-2.892],[80.611,-2.496],[81.027,-2.177]],"c":true}]},{"i":{"x":0.833,"y":0.833},"o":{"x":0.167,"y":0.167},"t":30,"s":[{"i":[[0,-0.742],[0,0],[0.681,-0.574],[0.106,-0.08],[0.114,-0.079],[1.316,-0.53],[0.901,-0.283],[0.759,-0.212],[0.15,-0.044],[0.442,-0.106],[0.504,-0.115],[0.371,-0.079],[2.72,-0.442],[0.407,-0.062],[0.424,-0.054],[0.327,-0.035],[0.203,-0.026],[0.45,-0.062],[0.804,-0.097],[0.495,-0.062],[0.406,-0.045],[0.91,-0.097],[0.106,-0.008],[18.44,-10.727],[0,6.757],[-15.735,2.23],[-22.019,0],[-13.081,-1.308],[-4.929,-3.021],[-0.185,-0.132],[-0.133,-0.106]],"o":[[0,0],[-0.115,0.601],[-0.097,0.08],[-0.105,0.079],[-0.821,0.557],[-0.751,0.3],[-0.68,0.221],[-0.15,0.045],[-0.415,0.115],[-0.477,0.123],[-0.361,0.089],[-2.261,0.504],[-0.389,0.061],[-0.406,0.071],[-0.309,0.053],[-0.194,0.035],[-0.442,0.062],[-0.769,0.105],[-0.486,0.062],[-0.397,0.045],[-0.875,0.106],[-0.106,0.009],[-13.408,1.405],[-39.303,22.864],[0,-3.485],[14.775,-2.094],[16.924,0],[16.871,1.678],[0.212,0.132],[0.151,0.106],[0.856,0.707]],"v":[[82.334,0.004],[82.299,0.367],[81.088,2.133],[80.779,2.38],[80.444,2.618],[77.229,4.254],[74.747,5.137],[72.583,5.78],[72.132,5.905],[70.842,6.241],[69.367,6.594],[68.272,6.841],[60.791,8.254],[59.598,8.44],[58.362,8.625],[57.408,8.767],[56.808,8.854],[55.465,9.04],[53.098,9.349],[51.631,9.535],[50.422,9.668],[47.745,9.967],[47.427,10.003],[5.004,24.237],[-82.334,0.004],[-56.792,-8.857],[0.004,-12.237],[45.749,-10.171],[80.011,-2.892],[80.611,-2.496],[81.027,-2.177]],"c":true}]},{"i":{"x":0.833,"y":0.833},"o":{"x":0.167,"y":0.167},"t":39,"s":[{"i":[[0,-0.742],[0,0],[0.681,-0.574],[0.106,-0.08],[0.114,-0.079],[1.316,-0.53],[0.901,-0.283],[0.759,-0.212],[0.15,-0.044],[0.442,-0.106],[0.504,-0.115],[0.371,-0.079],[2.72,-0.442],[0.407,-0.062],[0.424,-0.054],[0.327,-0.035],[0.203,-0.026],[0.45,-0.062],[0.804,-0.097],[0.495,-0.062],[0.406,-0.045],[0.91,-0.097],[0.106,-0.008],[19.899,7.688],[1.778,16.506],[-15.735,2.23],[-22.019,0],[-13.081,-1.308],[-4.929,-3.021],[-0.185,-0.132],[-0.133,-0.106]],"o":[[0,0],[-0.115,0.601],[-0.097,0.08],[-0.105,0.079],[-0.821,0.557],[-0.751,0.3],[-0.68,0.221],[-0.15,0.045],[-0.415,0.115],[-0.477,0.123],[-0.361,0.089],[-2.261,0.504],[-0.389,0.061],[-0.406,0.071],[-0.309,0.053],[-0.194,0.035],[-0.442,0.062],[-0.769,0.105],[-0.486,0.062],[-0.397,0.045],[-0.875,0.106],[-0.106,0.009],[-13.408,1.405],[-51.06,-19.727],[-0.373,-3.465],[14.775,-2.094],[16.924,0],[16.871,1.678],[0.212,0.132],[0.151,0.106],[0.856,0.707]],"v":[[82.334,0.004],[82.299,0.367],[81.088,2.133],[80.779,2.38],[80.444,2.618],[77.229,4.254],[74.747,5.137],[72.583,5.78],[72.132,5.905],[70.842,6.241],[69.367,6.594],[68.272,6.841],[60.791,8.254],[59.598,8.44],[58.362,8.625],[57.408,8.767],[56.808,8.854],[55.465,9.04],[53.098,9.349],[51.631,9.535],[50.422,9.667],[47.745,9.967],[47.427,10.002],[5.004,24.237],[-82.334,0.004],[-56.792,-8.857],[-3.996,-17.237],[41.249,0.329],[80.011,-2.892],[80.611,-2.496],[81.027,-2.177]],"c":true}]},{"i":{"x":0.833,"y":0.833},"o":{"x":0.167,"y":0.167},"t":48,"s":[{"i":[[0,-0.742],[0,0],[0.681,-0.574],[0.106,-0.08],[0.114,-0.079],[1.316,-0.53],[0.901,-0.283],[0.759,-0.212],[0.15,-0.044],[0.442,-0.106],[0.504,-0.115],[0.371,-0.079],[2.72,-0.442],[0.407,-0.062],[0.424,-0.054],[0.327,-0.035],[0.203,-0.026],[0.45,-0.062],[0.804,-0.097],[0.495,-0.062],[0.406,-0.045],[0.91,-0.097],[0.106,-0.008],[21.212,-2.265],[0,6.757],[-15.648,2.777],[-22.019,0],[-13.081,-1.308],[-4.929,-3.021],[-0.185,-0.132],[-0.133,-0.106]],"o":[[0,0],[-0.115,0.601],[-0.097,0.08],[-0.105,0.079],[-0.821,0.557],[-0.751,0.3],[-0.68,0.221],[-0.15,0.045],[-0.415,0.115],[-0.477,0.123],[-0.361,0.089],[-2.261,0.504],[-0.389,0.061],[-0.406,0.071],[-0.309,0.053],[-0.194,0.035],[-0.442,0.062],[-0.769,0.105],[-0.486,0.062],[-0.397,0.045],[-0.875,0.106],[-0.106,0.009],[-13.408,1.405],[-54.06,5.773],[0,-3.485],[31.736,-5.633],[16.924,0],[16.871,1.678],[0.212,0.132],[0.151,0.106],[0.856,0.707]],"v":[[82.334,0.004],[82.299,0.367],[81.088,2.133],[80.779,2.38],[80.444,2.618],[77.229,4.254],[74.747,5.137],[72.583,5.78],[72.132,5.905],[70.842,6.241],[69.367,6.594],[68.272,6.841],[60.791,8.254],[59.598,8.44],[58.362,8.625],[57.408,8.766],[56.808,8.854],[55.465,9.04],[53.098,9.349],[51.631,9.535],[50.422,9.668],[47.745,9.967],[47.427,10.003],[8.004,32.237],[-82.334,0.004],[-56.792,-8.857],[5.504,-1.737],[41.249,0.329],[80.011,-2.892],[80.611,-2.496],[81.027,-2.177]],"c":true}]},{"i":{"x":0.833,"y":0.833},"o":{"x":0.167,"y":0.167},"t":61,"s":[{"i":[[0,-0.742],[0,0],[0.681,-0.574],[0.106,-0.08],[0.114,-0.079],[1.316,-0.53],[0.901,-0.283],[0.759,-0.212],[0.15,-0.044],[0.442,-0.106],[0.504,-0.115],[0.371,-0.079],[2.72,-0.442],[0.407,-0.062],[0.424,-0.054],[0.327,-0.035],[0.203,-0.026],[0.45,-0.062],[0.804,-0.097],[0.495,-0.062],[0.406,-0.045],[0.91,-0.097],[0.106,-0.008],[18.44,-10.727],[0,6.757],[-15.735,2.23],[-22.019,0],[-13.081,-1.308],[-4.929,-3.021],[-0.185,-0.132],[-0.133,-0.106]],"o":[[0,0],[-0.115,0.601],[-0.097,0.08],[-0.105,0.079],[-0.821,0.557],[-0.751,0.3],[-0.68,0.221],[-0.15,0.045],[-0.415,0.115],[-0.477,0.123],[-0.361,0.089],[-2.261,0.504],[-0.389,0.061],[-0.406,0.071],[-0.309,0.053],[-0.194,0.035],[-0.442,0.062],[-0.769,0.105],[-0.486,0.062],[-0.397,0.045],[-0.875,0.106],[-0.106,0.009],[-13.408,1.405],[-39.303,22.864],[0,-3.485],[14.775,-2.094],[16.924,0],[16.871,1.678],[0.212,0.132],[0.151,0.106],[0.856,0.707]],"v":[[82.334,0.004],[82.299,0.367],[81.088,2.133],[80.779,2.38],[80.444,2.618],[77.229,4.254],[74.747,5.137],[72.583,5.78],[72.132,5.905],[70.842,6.241],[69.367,6.594],[68.272,6.841],[60.791,8.254],[59.598,8.44],[58.362,8.625],[57.408,8.767],[56.808,8.854],[55.465,9.04],[53.098,9.349],[51.631,9.535],[50.422,9.668],[47.745,9.967],[47.427,10.003],[5.004,24.237],[-82.334,0.004],[-56.792,-8.857],[0.004,-12.237],[45.749,-10.171],[80.011,-2.892],[80.611,-2.496],[81.027,-2.177]],"c":true}]},{"i":{"x":0.833,"y":0.833},"o":{"x":0.167,"y":0.167},"t":71,"s":[{"i":[[0,-0.742],[0,0],[0.681,-0.574],[0.106,-0.08],[0.114,-0.079],[1.316,-0.53],[0.901,-0.283],[0.759,-0.212],[0.15,-0.044],[0.442,-0.106],[0.504,-0.115],[0.371,-0.079],[2.72,-0.442],[0.407,-0.062],[0.424,-0.054],[0.327,-0.035],[0.203,-0.026],[0.45,-0.062],[0.804,-0.097],[0.495,-0.062],[0.406,-0.045],[0.91,-0.097],[0.106,-0.008],[17.657,0],[0,6.757],[-15.735,2.23],[-22.019,0],[-13.081,-1.308],[-4.929,-3.021],[-0.185,-0.132],[-0.133,-0.106]],"o":[[0,0],[-0.115,0.601],[-0.097,0.08],[-0.105,0.079],[-0.821,0.557],[-0.751,0.3],[-0.68,0.221],[-0.15,0.045],[-0.415,0.115],[-0.477,0.123],[-0.361,0.089],[-2.261,0.504],[-0.389,0.061],[-0.406,0.071],[-0.309,0.053],[-0.194,0.035],[-0.442,0.062],[-0.769,0.105],[-0.486,0.062],[-0.397,0.045],[-0.875,0.106],[-0.106,0.009],[-13.408,1.405],[-45.47,0],[0,-3.485],[14.775,-2.094],[16.924,0],[16.871,1.678],[0.212,0.132],[0.151,0.106],[0.856,0.707]],"v":[[82.334,0.004],[82.299,0.367],[81.088,2.133],[80.779,2.38],[80.444,2.618],[77.229,4.254],[74.747,5.137],[72.583,5.78],[72.132,5.905],[70.842,6.241],[69.367,6.594],[68.272,6.841],[60.791,8.254],[59.598,8.44],[58.362,8.625],[57.408,8.767],[56.808,8.854],[55.465,9.04],[53.098,9.349],[51.631,9.535],[50.422,9.668],[47.745,9.967],[47.427,10.003],[0.004,12.237],[-82.334,0.004],[-56.792,-8.857],[0.004,-12.237],[45.749,-10.171],[80.011,-2.892],[80.611,-2.496],[81.027,-2.177]],"c":true}]},{"i":{"x":0.833,"y":0.833},"o":{"x":0.167,"y":0.167},"t":81,"s":[{"i":[[0,-0.742],[0,0],[0.681,-0.574],[0.106,-0.08],[0.114,-0.079],[1.316,-0.53],[0.901,-0.283],[0.759,-0.212],[0.15,-0.044],[0.442,-0.106],[0.504,-0.115],[0.371,-0.079],[2.72,-0.442],[0.407,-0.062],[0.424,-0.054],[0.327,-0.035],[0.203,-0.026],[0.45,-0.062],[0.804,-0.097],[0.495,-0.062],[0.406,-0.045],[0.91,-0.097],[0.106,-0.008],[18.44,-10.727],[0,6.757],[-15.735,2.23],[-22.019,0],[-13.081,-1.308],[-4.929,-3.021],[-0.185,-0.132],[-0.133,-0.106]],"o":[[0,0],[-0.115,0.601],[-0.097,0.08],[-0.105,0.079],[-0.821,0.557],[-0.751,0.3],[-0.68,0.221],[-0.15,0.045],[-0.415,0.115],[-0.477,0.123],[-0.361,0.089],[-2.261,0.504],[-0.389,0.061],[-0.406,0.071],[-0.309,0.053],[-0.194,0.035],[-0.442,0.062],[-0.769,0.105],[-0.486,0.062],[-0.397,0.045],[-0.875,0.106],[-0.106,0.009],[-13.408,1.405],[-39.303,22.864],[0,-3.485],[14.775,-2.094],[16.924,0],[16.871,1.678],[0.212,0.132],[0.151,0.106],[0.856,0.707]],"v":[[82.334,0.004],[82.299,0.367],[81.088,2.133],[80.779,2.38],[80.444,2.618],[77.229,4.254],[74.747,5.137],[72.583,5.78],[72.132,5.905],[70.842,6.241],[69.367,6.594],[68.272,6.841],[60.791,8.254],[59.598,8.44],[58.362,8.625],[57.408,8.767],[56.808,8.854],[55.465,9.04],[53.098,9.349],[51.631,9.535],[50.422,9.668],[47.745,9.967],[47.427,10.003],[5.004,24.237],[-82.334,0.004],[-56.792,-8.857],[0.004,-12.237],[45.749,-10.171],[80.011,-2.892],[80.611,-2.496],[81.027,-2.177]],"c":true}]},{"i":{"x":0.833,"y":0.833},"o":{"x":0.167,"y":0.167},"t":90,"s":[{"i":[[0,-0.742],[0,0],[0.681,-0.574],[0.106,-0.08],[0.114,-0.079],[1.316,-0.53],[0.901,-0.283],[0.759,-0.212],[0.15,-0.044],[0.442,-0.106],[0.504,-0.115],[0.371,-0.079],[2.72,-0.442],[0.407,-0.062],[0.424,-0.054],[0.327,-0.035],[0.203,-0.026],[0.45,-0.062],[0.804,-0.097],[0.495,-0.062],[0.406,-0.045],[0.91,-0.097],[0.106,-0.008],[21.212,-2.265],[0,6.757],[-15.735,2.23],[-22.019,0],[-13.081,-1.308],[-4.929,-3.021],[-0.185,-0.132],[-0.133,-0.106]],"o":[[0,0],[-0.115,0.601],[-0.097,0.08],[-0.105,0.079],[-0.821,0.557],[-0.751,0.3],[-0.68,0.221],[-0.15,0.045],[-0.415,0.115],[-0.477,0.123],[-0.361,0.089],[-2.261,0.504],[-0.389,0.061],[-0.406,0.071],[-0.309,0.053],[-0.194,0.035],[-0.442,0.062],[-0.769,0.105],[-0.486,0.062],[-0.397,0.045],[-0.875,0.106],[-0.106,0.009],[-13.408,1.405],[-54.06,5.773],[0,-3.485],[14.775,-2.094],[16.924,0],[16.871,1.678],[0.212,0.132],[0.151,0.106],[0.856,0.707]],"v":[[82.334,0.004],[82.299,0.367],[81.088,2.133],[80.779,2.38],[80.444,2.618],[77.229,4.254],[74.747,5.137],[72.583,5.78],[72.132,5.905],[70.842,6.241],[69.367,6.594],[68.272,6.841],[60.791,8.254],[59.598,8.44],[58.362,8.625],[57.408,8.767],[56.808,8.854],[55.465,9.04],[53.098,9.35],[51.631,9.535],[50.422,9.668],[47.745,9.967],[47.427,10.003],[5.004,24.237],[-82.334,0.004],[-56.792,-8.857],[-3.996,-17.237],[41.249,0.329],[80.011,-2.892],[80.611,-2.496],[81.027,-2.177]],"c":true}]},{"i":{"x":0.833,"y":0.833},"o":{"x":0.167,"y":0.167},"t":99,"s":[{"i":[[0,-0.742],[0,0],[0.681,-0.574],[0.106,-0.08],[0.114,-0.079],[1.316,-0.53],[0.901,-0.283],[0.759,-0.212],[0.15,-0.044],[0.442,-0.106],[0.504,-0.115],[0.371,-0.079],[2.72,-0.442],[0.407,-0.062],[0.424,-0.054],[0.327,-0.035],[0.203,-0.026],[0.45,-0.062],[0.804,-0.097],[0.495,-0.062],[0.406,-0.045],[0.91,-0.097],[0.106,-0.008],[21.212,-2.265],[0,6.757],[-15.648,2.777],[-22.019,0],[-13.081,-1.308],[-4.929,-3.021],[-0.185,-0.132],[-0.133,-0.106]],"o":[[0,0],[-0.115,0.601],[-0.097,0.08],[-0.105,0.079],[-0.821,0.557],[-0.751,0.3],[-0.68,0.221],[-0.15,0.045],[-0.415,0.115],[-0.477,0.123],[-0.361,0.089],[-2.261,0.504],[-0.389,0.061],[-0.406,0.071],[-0.309,0.053],[-0.194,0.035],[-0.442,0.062],[-0.769,0.105],[-0.486,0.062],[-0.397,0.045],[-0.875,0.106],[-0.106,0.009],[-13.408,1.405],[-54.06,5.773],[0,-3.485],[31.736,-5.633],[16.924,0],[16.871,1.678],[0.212,0.132],[0.151,0.106],[0.856,0.707]],"v":[[82.334,0.004],[82.299,0.367],[81.088,2.133],[80.779,2.38],[80.444,2.618],[77.229,4.254],[74.747,5.137],[72.583,5.78],[72.132,5.905],[70.842,6.241],[69.367,6.594],[68.272,6.841],[60.791,8.254],[59.598,8.44],[58.362,8.625],[57.408,8.766],[56.808,8.854],[55.465,9.04],[53.098,9.349],[51.631,9.535],[50.422,9.668],[47.745,9.967],[47.427,10.003],[8.004,32.237],[-82.334,0.004],[-56.792,-8.857],[5.504,-1.737],[41.249,0.329],[80.011,-2.892],[80.611,-2.496],[81.027,-2.177]],"c":true}]},{"t":112,"s":[{"i":[[0,-0.742],[0,0],[0.681,-0.574],[0.106,-0.08],[0.114,-0.079],[1.316,-0.53],[0.901,-0.283],[0.759,-0.212],[0.15,-0.044],[0.442,-0.106],[0.504,-0.115],[0.371,-0.079],[2.72,-0.442],[0.407,-0.062],[0.424,-0.054],[0.327,-0.035],[0.203,-0.026],[0.45,-0.062],[0.804,-0.097],[0.495,-0.062],[0.406,-0.045],[0.91,-0.097],[0.106,-0.008],[18.44,-10.727],[0,6.757],[-15.735,2.23],[-22.019,0],[-13.081,-1.308],[-4.929,-3.021],[-0.185,-0.132],[-0.133,-0.106]],"o":[[0,0],[-0.115,0.601],[-0.097,0.08],[-0.105,0.079],[-0.821,0.557],[-0.751,0.3],[-0.68,0.221],[-0.15,0.045],[-0.415,0.115],[-0.477,0.123],[-0.361,0.089],[-2.261,0.504],[-0.389,0.061],[-0.406,0.071],[-0.309,0.053],[-0.194,0.035],[-0.442,0.062],[-0.769,0.105],[-0.486,0.062],[-0.397,0.045],[-0.875,0.106],[-0.106,0.009],[-13.408,1.405],[-39.303,22.864],[0,-3.485],[14.775,-2.094],[16.924,0],[16.871,1.678],[0.212,0.132],[0.151,0.106],[0.856,0.707]],"v":[[82.334,0.004],[82.299,0.367],[81.088,2.133],[80.779,2.38],[80.444,2.618],[77.229,4.254],[74.747,5.137],[72.583,5.78],[72.132,5.905],[70.842,6.241],[69.367,6.594],[68.272,6.841],[60.791,8.254],[59.598,8.44],[58.362,8.625],[57.408,8.767],[56.808,8.854],[55.465,9.04],[53.098,9.349],[51.631,9.535],[50.422,9.668],[47.745,9.967],[47.427,10.003],[5.004,24.237],[-82.334,0.004],[-56.792,-8.857],[0.004,-12.237],[45.749,-10.171],[80.011,-2.892],[80.611,-2.496],[81.027,-2.177]],"c":true}]}],"ix":2},"nm":"Tracé 1","mn":"ADBE Vector Shape - Group","hd":false},{"ty":"fl","c":{"a":0,"k":[0.929411824544,0.427451010311,0.427451010311,1],"ix":4},"o":{"a":0,"k":100,"ix":5},"r":1,"bm":0,"nm":"Fond 1","mn":"ADBE Vector Graphic - Fill","hd":false},{"ty":"tr","p":{"a":0,"k":[93.343,12.488],"ix":2},"a":{"a":0,"k":[0,0],"ix":1},"s":{"a":0,"k":[100,100],"ix":3},"r":{"a":0,"k":0,"ix":6},"o":{"a":0,"k":100,"ix":7},"sk":{"a":0,"k":0,"ix":4},"sa":{"a":0,"k":0,"ix":5},"nm":"Transformer "}],"nm":"Groupe 1","np":2,"cix":2,"bm":0,"ix":1,"mn":"ADBE Vector Group","hd":false},{"ty":"gr","it":[{"ind":0,"ty":"sh","ix":1,"ks":{"a":0,"k":{"i":[[0,0],[0,-17.151],[-54.814,0],[0,49.976],[6.637,15.969]],"o":[[-6.636,15.969],[0,49.976],[54.814,0],[0,-17.151],[0,0]],"v":[[-82.383,-68.292],[-93.097,-16.588],[0,68.292],[93.097,-16.588],[82.383,-68.292]],"c":true},"ix":2},"nm":"Tracé 1","mn":"ADBE Vector Shape - Group","hd":false},{"ty":"fl","c":{"a":0,"k":[0.972549079446,0.556862745098,0.505882352941,1],"ix":4},"o":{"a":0,"k":100,"ix":5},"r":1,"bm":0,"nm":"Fond 1","mn":"ADBE Vector Graphic - Fill","hd":false},{"ty":"tr","p":{"a":0,"k":[93.347,80.779],"ix":2},"a":{"a":0,"k":[0,0],"ix":1},"s":{"a":0,"k":[100,100],"ix":3},"r":{"a":0,"k":0,"ix":6},"o":{"a":0,"k":100,"ix":7},"sk":{"a":0,"k":0,"ix":4},"sa":{"a":0,"k":0,"ix":5},"nm":"Transformer "}],"nm":"Groupe 2","np":2,"cix":2,"bm":0,"ix":2,"mn":"ADBE Vector Group","hd":false}],"ip":0,"op":129,"st":0,"bm":0},{"ddd":0,"ind":9,"ty":4,"nm":"VERRE Silhouettes","sr":1,"ks":{"o":{"a":0,"k":100,"ix":11},"r":{"a":0,"k":0,"ix":10},"p":{"a":0,"k":[237.061,296.114,0],"ix":2},"a":{"a":0,"k":[122.195,185.547,0],"ix":1},"s":{"a":0,"k":[100,100,100],"ix":6}},"ao":0,"shapes":[{"ty":"gr","it":[{"ind":0,"ty":"sh","ix":1,"ks":{"a":0,"k":{"i":[[0,0],[0,0]],"o":[[0,0],[0,0]],"v":[[0.416,0.246],[-0.416,-0.246]],"c":false},"ix":2},"nm":"Tracé 1","mn":"ADBE Vector Shape - Group","hd":false},{"ty":"st","c":{"a":0,"k":[0.007843137255,0.250980392157,0.403921598547,1],"ix":3},"o":{"a":0,"k":100,"ix":4},"w":{"a":0,"k":5.705,"ix":5},"lc":2,"lj":2,"bm":0,"nm":"Contour 1","mn":"ADBE Vector Graphic - Stroke","hd":false},{"ty":"tr","p":{"a":0,"k":[158.508,342.746],"ix":2},"a":{"a":0,"k":[0,0],"ix":1},"s":{"a":0,"k":[100,100],"ix":3},"r":{"a":0,"k":0,"ix":6},"o":{"a":0,"k":100,"ix":7},"sk":{"a":0,"k":0,"ix":4},"sa":{"a":0,"k":0,"ix":5},"nm":"Transformer "}],"nm":"Groupe 1","np":2,"cix":2,"bm":0,"ix":1,"mn":"ADBE Vector Group","hd":false},{"ty":"gr","it":[{"ind":0,"ty":"sh","ix":1,"ks":{"a":0,"k":{"i":[[0,0],[0,0]],"o":[[0,0],[0,0]],"v":[[4.48,2.648],[-4.48,-2.648]],"c":false},"ix":2},"nm":"Tracé 1","mn":"ADBE Vector Shape - Group","hd":false},{"ty":"st","c":{"a":0,"k":[0.007843137255,0.250980392157,0.403921598547,1],"ix":3},"o":{"a":0,"k":100,"ix":4},"w":{"a":0,"k":5.705,"ix":5},"lc":2,"lj":2,"bm":0,"nm":"Contour 1","mn":"ADBE Vector Graphic - Stroke","hd":false},{"ty":"tr","p":{"a":0,"k":[144.516,334.474],"ix":2},"a":{"a":0,"k":[0,0],"ix":1},"s":{"a":0,"k":[100,100],"ix":3},"r":{"a":0,"k":0,"ix":6},"o":{"a":0,"k":100,"ix":7},"sk":{"a":0,"k":0,"ix":4},"sa":{"a":0,"k":0,"ix":5},"nm":"Transformer "}],"nm":"Groupe 2","np":2,"cix":2,"bm":0,"ix":2,"mn":"ADBE Vector Group","hd":false},{"ty":"gr","it":[{"ind":0,"ty":"sh","ix":1,"ks":{"a":0,"k":{"i":[[0,0],[0,0],[0,0]],"o":[[0,0],[0,0],[0,0]],"v":[[59.827,17.215],[0,-17.215],[-59.827,17.215]],"c":false},"ix":2},"nm":"Tracé 1","mn":"ADBE Vector Shape - Group","hd":false},{"ty":"st","c":{"a":0,"k":[0.007843137255,0.250980392157,0.403921598547,1],"ix":3},"o":{"a":0,"k":100,"ix":4},"w":{"a":0,"k":5.705,"ix":5},"lc":2,"lj":2,"bm":0,"nm":"Contour 1","mn":"ADBE Vector Graphic - Stroke","hd":false},{"ty":"tr","p":{"a":0,"k":[122.195,327.749],"ix":2},"a":{"a":0,"k":[0,0],"ix":1},"s":{"a":0,"k":[100,100],"ix":3},"r":{"a":0,"k":0,"ix":6},"o":{"a":0,"k":100,"ix":7},"sk":{"a":0,"k":0,"ix":4},"sa":{"a":0,"k":0,"ix":5},"nm":"Transformer "}],"nm":"Groupe 3","np":2,"cix":2,"bm":0,"ix":3,"mn":"ADBE Vector Group","hd":false},{"ty":"gr","it":[{"ind":0,"ty":"sh","ix":1,"ks":{"a":0,"k":{"i":[[0,0],[0,0]],"o":[[0,0],[0,0]],"v":[[122.195,218.841],[122.195,310.535]],"c":false},"ix":2},"nm":"Tracé 1","mn":"ADBE Vector Shape - Group","hd":false},{"ty":"st","c":{"a":0,"k":[0.007843137255,0.250980392157,0.403921598547,1],"ix":3},"o":{"a":0,"k":100,"ix":4},"w":{"a":0,"k":5.705,"ix":5},"lc":2,"lj":2,"bm":0,"nm":"Contour 1","mn":"ADBE Vector Graphic - Stroke","hd":false},{"ty":"tr","p":{"a":0,"k":[0,0],"ix":2},"a":{"a":0,"k":[0,0],"ix":1},"s":{"a":0,"k":[100,100],"ix":3},"r":{"a":0,"k":0,"ix":6},"o":{"a":0,"k":100,"ix":7},"sk":{"a":0,"k":0,"ix":4},"sa":{"a":0,"k":0,"ix":5},"nm":"Transformer "}],"nm":"Groupe 4","np":2,"cix":2,"bm":0,"ix":4,"mn":"ADBE Vector Group","hd":false},{"ty":"gr","it":[{"ind":0,"ty":"sh","ix":1,"ks":{"a":0,"k":{"i":[[0,0],[0,-22.045],[59.609,0],[0,61.378],[-22.045,20.345]],"o":[[10.76,20.664],[0,61.378],[-59.608,0],[0,-32.885],[0,0]],"v":[[90.931,-71.145],[107.932,-2.761],[0,96.955],[-107.932,-2.761],[-72,-96.955]],"c":false},"ix":2},"nm":"Tracé 1","mn":"ADBE Vector Shape - Group","hd":false},{"ty":"st","c":{"a":0,"k":[0.007843137255,0.250980392157,0.403921598547,1],"ix":3},"o":{"a":0,"k":100,"ix":4},"w":{"a":0,"k":5.705,"ix":5},"lc":2,"lj":2,"bm":0,"nm":"Contour 1","mn":"ADBE Vector Graphic - Stroke","hd":false},{"ty":"tr","p":{"a":0,"k":[122.195,121.884],"ix":2},"a":{"a":0,"k":[0,0],"ix":1},"s":{"a":0,"k":[100,100],"ix":3},"r":{"a":0,"k":0,"ix":6},"o":{"a":0,"k":100,"ix":7},"sk":{"a":0,"k":0,"ix":4},"sa":{"a":0,"k":0,"ix":5},"nm":"Transformer "}],"nm":"Groupe 5","np":2,"cix":2,"bm":0,"ix":5,"mn":"ADBE Vector Group","hd":false},{"ty":"gr","it":[{"ind":0,"ty":"sh","ix":1,"ks":{"a":0,"k":{"i":[[0,0],[33.042,0],[2.025,5.892]],"o":[[-2.687,6.049],[-33.041,0],[0,0]],"v":[[59.827,-5.806],[0,5.806],[-59.827,-5.806]],"c":false},"ix":2},"nm":"Tracé 1","mn":"ADBE Vector Shape - Group","hd":false},{"ty":"st","c":{"a":0,"k":[0.007843137255,0.250980392157,0.403921598547,1],"ix":3},"o":{"a":0,"k":100,"ix":4},"w":{"a":0,"k":5.705,"ix":5},"lc":2,"lj":2,"bm":0,"nm":"Contour 1","mn":"ADBE Vector Graphic - Stroke","hd":false},{"ty":"tr","p":{"a":0,"k":[122.195,351.027],"ix":2},"a":{"a":0,"k":[0,0],"ix":1},"s":{"a":0,"k":[100,100],"ix":3},"r":{"a":0,"k":0,"ix":6},"o":{"a":0,"k":100,"ix":7},"sk":{"a":0,"k":0,"ix":4},"sa":{"a":0,"k":0,"ix":5},"nm":"Transformer "}],"nm":"Groupe 6","np":2,"cix":2,"bm":0,"ix":6,"mn":"ADBE Vector Group","hd":false},{"ty":"gr","it":[{"ind":0,"ty":"sh","ix":1,"ks":{"a":0,"k":{"i":[[-0.023,-0.628],[0,0],[0,0],[0.604,-0.502],[0.091,-0.069],[0.092,-0.069],[1.139,-0.456],[0.775,-0.24],[0.012,-0.011],[0.672,-0.182],[0.126,-0.034],[0.387,-0.103],[0.171,-0.046],[0.25,-0.057],[0.319,-0.069],[1.538,-0.285],[0.752,-0.126],[0.354,-0.046],[0.365,-0.046],[0.285,-0.034],[0.172,-0.023],[0.387,-0.057],[0.706,-0.068],[0.434,-0.057],[0.353,-0.034],[0.786,-0.08],[0.091,-0.011],[1.584,-0.148],[2.028,-0.137],[1.299,-0.08],[9.513,0],[13.091,2.089],[3.11,0.924],[0,1.711],[-4.033,1.335],[-4.512,0.787],[-21.704,0],[-7.93,-0.456],[-8.51,4.313],[-1.948,3.822],[-0.205,-0.068],[-0.741,-0.366],[-0.319,-0.194],[-0.159,-0.114],[-0.114,-0.08]],"o":[[0,0],[0,0],[-0.102,0.536],[-0.079,0.068],[-0.091,0.068],[-0.728,0.491],[-0.65,0.252],[-0.023,0.011],[-0.604,0.194],[-0.137,0.046],[-0.364,0.103],[-0.172,0.046],[-0.251,0.057],[-0.331,0.079],[-1.356,0.308],[-0.706,0.126],[-0.342,0.045],[-0.353,0.057],[-0.273,0.046],[-0.182,0.023],[-0.387,0.056],[-0.661,0.091],[-0.433,0.069],[-0.352,0.035],[-0.752,0.091],[-0.102,0],[-1.504,0.16],[-1.925,0.16],[-1.253,0.091],[-8.317,0.514],[-20.679,0],[-4.716,-0.752],[-4.808,-1.438],[0,-1.564],[2.872,-0.958],[13.159,-2.26],[8.978,0],[9.331,14.446],[3.156,-1.597],[0.216,0.068],[0.98,0.342],[0.41,0.194],[0.183,0.126],[0.137,0.091],[0.718,0.593]],"v":[[71.744,-0.052],[71.744,0.005],[71.71,0.314],[70.65,1.866],[70.388,2.082],[70.103,2.288],[67.301,3.714],[65.182,4.467],[65.136,4.49],[63.245,5.048],[62.857,5.163],[61.73,5.46],[61.217,5.586],[60.454,5.757],[59.496,5.974],[55.144,6.852],[52.968,7.217],[51.931,7.376],[50.86,7.536],[50.028,7.661],[49.504,7.742],[48.331,7.901],[46.269,8.164],[44.992,8.335],[43.933,8.449],[41.609,8.711],[41.324,8.746],[36.698,9.203],[30.762,9.659],[26.923,9.91],[0.012,10.698],[-52.398,7.307],[-64.235,4.776],[-71.744,0.005],[-65.466,-4.376],[-54.311,-7],[0.012,-10.698],[25.533,-9.991],[57.502,3.897],[65.398,-4.41],[66.036,-4.194],[68.623,-3.12],[69.716,-2.539],[70.24,-2.185],[70.605,-1.911]],"c":true},"ix":2},"nm":"Tracé 1","mn":"ADBE Vector Shape - Group","hd":false},{"ty":"st","c":{"a":0,"k":[0.007843137255,0.250980392157,0.403921598547,1],"ix":3},"o":{"a":0,"k":100,"ix":4},"w":{"a":0,"k":5.695,"ix":5},"lc":2,"lj":2,"bm":0,"nm":"Contour 1","mn":"ADBE Vector Graphic - Stroke","hd":false},{"ty":"tr","p":{"a":0,"k":[122.331,24.935],"ix":2},"a":{"a":0,"k":[0,0],"ix":1},"s":{"a":0,"k":[100,100],"ix":3},"r":{"a":0,"k":0,"ix":6},"o":{"a":0,"k":100,"ix":7},"sk":{"a":0,"k":0,"ix":4},"sa":{"a":0,"k":0,"ix":5},"nm":"Transformer "}],"nm":"Groupe 7","np":2,"cix":2,"bm":0,"ix":7,"mn":"ADBE Vector Group","hd":false}],"ip":0,"op":129,"st":0,"bm":0}],"markers":[]}